occupancy_rate,day_of_week,meal_period,hour,week_of_year,weather,temperature_f,patio_open,local_event,reservation_count,staff_count,discount_percent
0.5229,Tuesday,Lunch,11.89,16,Cloudy,57.6,Yes,No,5.0,6,0
0.6965,Sunday,Lunch,11.79,30,Cloudy,70.4,Yes,No,11.0,8,0
0.3607,Monday,Lunch,12.26,46,Rain,55.5,No,No,11.0,7,20
0.9088,Tuesday,Dinner,18.16,29,Heat,73.7,No,Yes,19.0,8,30
0.8199,Tuesday,Dinner,20.77,23,Clear,76.2,Yes,No,16.0,7,0
0.5221,Wednesday,Lunch,13.04,48,Cloudy,59.1,Yes,No,10.0,6,0
0.8551,Sunday,Dinner,16.8,2,Cloudy,65.3,Yes,No,15.0,9,20
0.1935,Thursday,Lunch,12.88,8,Rain,52.3,No,No,11.0,6,0
0.9092,Monday,Lunch,12.41,45,Cloudy,59.5,Yes,Yes,18.0,6,30
0.4201,Friday,Lunch,12.72,44,Cloudy,60.5,No,No,10.0,5,0
0.9385,Saturday,Dinner,18.49,34,Cloudy,76.0,No,No,25.0,8,25
0.4919,Wednesday,Lunch,12.68,4,Clear,55.1,No,No,12.0,6,0
0.6885,Thursday,Lunch,12.66,9,Clear,53.9,No,Yes,19.0,6,0
0.8297,Sunday,Dinner,17.79,51,Cloudy,52.1,Yes,No,20.0,9,20
0.2674,Sunday,Lunch,12.29,45,Rain,45.4,No,No,14.0,7,0
0.9586,Friday,Dinner,17.69,3,Clear,51.9,No,Yes,29.0,7,25
0.5541,Saturday,Dinner,18.06,10,Rain,60.1,No,No,19.0,8,0
0.2702,Wednesday,Lunch,12.6,3,Rain,57.2,No,No,13.0,6,0
0.9553,Thursday,Lunch,12.37,18,Cloudy,72.9,Yes,No,8.0,5,25
0.9322,Saturday,Lunch,13.93,13,Clear,62.8,Yes,No,14.0,7,25
0.9445,Thursday,Dinner,19.45,33,Clear,76.7,Yes,No,15.0,8,0
0.7929,Saturday,Lunch,11.9,51,Clear,39.2,No,No,21.0,6,10
0.7174,Monday,Lunch,13.13,30,Clear,81.7,Yes,No,12.0,5,0
0.6546,Wednesday,Lunch,13.64,46,Clear,56.2,No,Yes,22.0,5,0
0.8318,Saturday,Lunch,11.43,44,Clear,63.0,Yes,No,15.0,6,0
0.3782,Friday,Dinner,18.62,22,Rain,79.2,No,No,13.0,8,0
0.875,Saturday,Lunch,13.08,51,Cloudy,50.7,Yes,No,16.0,7,15
0.08,Wednesday,Lunch,14.48,14,Rain,52.0,No,No,10.0,5,0
0.8289,Sunday,Dinner,18.9,23,Clear,84.3,Yes,No,15.0,8,0
0.7873,Tuesday,Lunch,11.12,14,Cloudy,71.2,Yes,No,11.0,7,15
0.7765,Thursday,Lunch,14.37,17,Clear,62.7,Yes,No,5.0,7,0
0.7552,Wednesday,Dinner,18.47,43,,63.2,Yes,No,11.0,7,0
0.7742,Sunday,Dinner,16.71,49,Clear,54.7,No,No,21.0,8,30
0.8389,Friday,Lunch,12.4,35,Cloudy,77.9,Yes,Yes,17.0,6,15
0.4427,Saturday,Dinner,18.11,38,Rain,71.9,No,No,15.0,7,0
0.816,Wednesday,Dinner,20.46,27,Rain,71.7,Yes,No,8.0,7,25
0.7885,Saturday,Lunch,12.91,46,Clear,63.3,Yes,No,11.0,6,0
0.8287,Friday,Lunch,11.78,22,Cloudy,84.5,Yes,No,7.0,6,5
0.3445,Wednesday,Lunch,12.89,52,Heat,61.8,No,No,14.0,5,0
0.1574,Monday,Lunch,12.87,16,Rain,75.1,No,No,5.0,6,0
0.7663,Friday,Lunch,13.85,15,Rain,75.2,Yes,Yes,14.0,6,0
0.9411,Saturday,Dinner,18.95,45,Cloudy,59.7,No,Yes,42.0,12,30
0.7344,Thursday,Lunch,12.54,33,Clear,70.7,Yes,No,8.0,5,0
0.4872,Saturday,Brunch,10.16,51,Cloudy,50.2,No,No,13.0,6,0
0.5257,Thursday,Dinner,18.44,22,Heat,77.7,No,No,21.0,9,0
0.9434,Friday,Dinner,19.2,13,Clear,73.8,Yes,No,16.0,9,0
0.96,Friday,Dinner,17.39,25,Clear,76.0,Yes,Yes,26.0,8,10
0.1451,Tuesday,Lunch,13.47,38,Rain,58.2,No,No,6.0,5,0
0.1954,Tuesday,Lunch,13.95,37,Cloudy,75.4,No,No,5.0,6,0
0.8313,Tuesday,Dinner,19.85,24,Clear,77.3,Yes,No,18.0,7,0
0.8675,Wednesday,Dinner,19.69,11,Cloudy,52.7,No,No,13.0,6,20
0.99,Sunday,Dinner,17.68,49,Clear,48.2,Yes,No,19.0,9,30
0.6202,Tuesday,Lunch,13.42,43,Rain,47.1,Yes,No,11.0,5,25
0.3927,Friday,Lunch,11.16,17,Rain,65.0,No,No,16.0,7,0
0.7332,Friday,Lunch,12.86,15,Clear,65.8,No,No,6.0,5,15
0.8052,Monday,Dinner,19.53,46,Clear,46.6,No,No,27.0,8,10
0.9035,Saturday,Dinner,18.54,27,Clear,88.2,Yes,No,17.0,9,0
0.387,Monday,Lunch,12.79,49,Cloudy,35.0,No,No,12.0,6,0
0.8326,Tuesday,Dinner,19.35,34,Rain,70.2,Yes,No,14.0,8,15
0.4666,Saturday,Lunch,12.54,10,Rain,43.0,No,No,21.0,6,0
0.99,Thursday,Lunch,12.05,23,Clear,70.4,Yes,Yes,21.0,5,30
0.799,Saturday,Lunch,11.76,16,Clear,65.3,Yes,No,19.0,6,0
0.9188,Saturday,Dinner,19.15,15,Cloudy,86.9,Yes,Yes,26.0,10,10
0.9247,Sunday,Lunch,12.51,45,Cloudy,59.3,Yes,Yes,35.0,8,10
0.8633,Friday,Lunch,14.32,17,Clear,63.8,Yes,Yes,13.0,5,10
0.7061,Wednesday,Dinner,18.35,7,Clear,50.6,No,No,17.0,7,0
0.9524,Friday,Dinner,19.2,16,Clear,62.3,Yes,No,21.0,7,0
0.9735,Sunday,Dinner,18.55,11,Clear,57.5,No,Yes,35.0,10,15
0.9078,Monday,Dinner,20.26,30,Clear,66.7,Yes,No,18.0,8,20
0.8667,Saturday,Lunch,12.52,30,Cloudy,82.4,No,No,8.0,7,25
0.9488,Friday,Lunch,11.92,16,Cloudy,68.4,Yes,No,15.0,6,15
0.9403,Thursday,Dinner,18.19,19,Clear,81.9,Yes,No,15.0,8,0
0.9159,Sunday,Dinner,18.19,16,Clear,65.5,Yes,No,26.0,9,30
0.8407,Sunday,Lunch,13.06,33,Cloudy,75.5,Yes,No,7.0,6,10
0.4971,Saturday,Lunch,13.69,2,Rain,46.0,No,Yes,28.0,8,0
0.9449,Saturday,Lunch,11.71,16,Clear,79.7,Yes,Yes,,6,25
0.7504,Saturday,Brunch,10.55,48,Clear,47.2,Yes,No,9.0,8,0
0.3696,Thursday,Lunch,11.34,45,Rain,57.0,No,No,12.0,7,0
0.7079,Thursday,Lunch,12.73,9,Clear,52.2,Yes,Yes,15.0,6,0
0.9673,Saturday,Dinner,19.63,32,Clear,80.4,Yes,Yes,28.0,10,30
0.8231,Wednesday,Dinner,18.79,22,Clear,74.6,Yes,No,15.0,8,0
0.9758,Friday,Lunch,12.48,13,Clear,48.1,Yes,No,9.0,6,20
0.6198,Wednesday,Lunch,13.95,6,Rain,43.9,No,No,16.0,6,30
0.8771,Saturday,Dinner,18.27,38,Rain,64.0,No,No,23.0,7,30
0.9589,Friday,Dinner,19.12,26,Cloudy,73.5,Yes,No,16.0,8,30
0.6921,Sunday,Lunch,12.61,5,Cloudy,52.8,Yes,No,18.0,7,0
0.89,Friday,Dinner,19.88,32,Cloudy,79.5,Yes,Yes,24.0,10,0
0.8279,Thursday,Lunch,12.29,47,Clear,50.5,Yes,No,16.0,5,0
0.972,Sunday,Lunch,11.79,33,Cloudy,75.3,Yes,No,11.0,7,25
0.1825,Wednesday,Lunch,13.12,4,Rain,38.8,No,No,10.0,5,0
0.6117,Thursday,Dinner,20.03,38,,59.1,No,No,19.0,7,0
0.4864,Friday,Lunch,12.96,11,Rain,44.1,No,Yes,16.0,7,0
0.8343,Wednesday,Dinner,19.47,30,Rain,91.0,Yes,No,15.0,7,25
0.8786,Saturday,Brunch,11.72,21,Clear,80.6,Yes,No,14.0,9,20
0.9516,Wednesday,Lunch,13.07,29,Clear,78.6,Yes,Yes,16.0,6,10
0.3076,Wednesday,Lunch,13.38,33,Cloudy,68.9,No,No,10.0,6,0
0.9337,Wednesday,Dinner,19.39,19,Clear,84.9,Yes,No,17.0,6,10
0.9783,Monday,Lunch,11.74,11,Clear,56.8,Yes,No,11.0,6,30
0.9846,Saturday,Lunch,13.16,24,Clear,70.3,Yes,No,13.0,7,20
0.9793,Friday,Dinner,19.67,31,Clear,83.1,Yes,No,9.0,6,20
0.428,Sunday,Lunch,13.32,35,Clear,69.2,No,No,14.0,6,0
0.9547,Monday,Dinner,19.57,22,Clear,78.0,Yes,No,19.0,8,10
0.6446,Wednesday,Dinner,18.98,2,Rain,40.2,No,No,17.0,9,25
0.6866,Thursday,Dinner,20.14,19,Rain,72.4,Yes,No,12.0,6,0
0.8618,Wednesday,Dinner,18.69,18,Clear,64.5,Yes,No,12.0,7,0
0.7545,Friday,Dinner,18.83,29,Heat,96.7,Yes,Yes,22.0,8,0
0.8379,Sunday,Lunch,12.48,44,Clear,63.6,Yes,No,12.0,7,5
0.748,Sunday,Lunch,12.92,9,Clear,50.2,No,No,15.0,6,0
0.7114,Wednesday,Dinner,16.51,37,Clear,79.3,Yes,No,18.0,9,0
0.6066,Wednesday,Dinner,17.44,14,Clear,60.1,No,No,15.0,7,0
0.9011,Friday,Lunch,12.23,48,Cloudy,57.0,Yes,No,8.0,6,20
0.7943,Wednesday,Lunch,12.84,25,Cloudy,69.1,Yes,No,14.0,5,0
0.8415,Friday,Lunch,13.99,28,Heat,84.8,Yes,Yes,17.0,7,5
0.5002,Sunday,Brunch,11.57,42,Cloudy,54.5,No,No,15.0,6,0
0.4606,Thursday,Lunch,12.08,46,Cloudy,58.7,No,No,9.0,5,0
0.8122,Wednesday,Dinner,21.33,47,Rain,47.8,No,No,21.0,8,30
0.8241,Saturday,Lunch,13.11,16,Rain,58.9,No,No,14.0,7,30
0.4211,Sunday,Brunch,9.91,49,Cloudy,64.3,No,No,11.0,6,5
0.8298,Tuesday,Lunch,14.22,9,Clear,49.9,No,No,14.0,7,30
0.6872,Thursday,Dinner,20.42,5,Clear,45.1,No,No,,8,15
0.6668,Saturday,Brunch,10.55,17,Cloudy,67.6,No,No,10.0,8,10
0.9115,Friday,Lunch,12.52,30,Clear,86.3,Yes,No,9.0,5,10
0.8761,Friday,Dinner,18.34,33,Clear,71.3,Yes,Yes,19.0,8,0
0.5583,Monday,Dinner,18.35,4,Clear,50.3,No,No,16.0,8,0
0.7269,Monday,Lunch,12.84,29,Clear,60.2,No,No,9.0,5,15
0.6504,Friday,Dinner,19.74,4,Cloudy,58.2,No,No,22.0,10,0
0.9247,Saturday,Dinner,17.68,40,Clear,65.3,Yes,No,18.0,8,0
0.7667,Friday,Lunch,12.55,21,Clear,67.5,No,Yes,,7,0
0.1289,Wednesday,Lunch,11.8,2,Rain,49.2,No,No,12.0,6,0
0.4088,Friday,Lunch,12.45,21,Cloudy,70.3,No,No,4.0,5,0
0.6186,Sunday,Dinner,18.77,44,Rain,59.4,No,No,23.0,8,0
0.7519,Tuesday,Lunch,14.42,9,Cloudy,53.7,No,No,9.0,5,30
0.6697,Sunday,Lunch,13.07,29,Cloudy,70.4,Yes,No,17.0,8,0
0.8153,Friday,Dinner,19.37,50,Cloudy,48.0,No,Yes,31.0,8,0
0.8653,Saturday,Lunch,13.47,34,Clear,71.1,Yes,No,10.0,7,0
0.9148,Saturday,Dinner,18.68,29,Heat,86.5,Yes,Yes,28.0,8,0
0.8065,Saturday,Lunch,12.69,41,Clear,61.6,No,Yes,19.0,6,10
0.6419,Sunday,Brunch,12.1,30,Clear,75.5,No,No,6.0,7,5
0.8108,Saturday,Dinner,20.48,11,Cloudy,59.8,No,Yes,30.0,10,0
0.2071,Thursday,Lunch,12.8,40,Rain,55.6,No,No,8.0,7,0
0.9271,Saturday,Dinner,18.64,12,Clear,56.9,Yes,No,18.0,8,0
0.8411,Saturday,Dinner,19.31,5,Clear,42.0,No,No,27.0,10,0
0.9383,Monday,Lunch,12.33,35,Clear,73.9,Yes,No,11.0,5,30
0.7154,Wednesday,Lunch,12.65,47,Clear,56.2,No,No,8.0,7,30
0.9065,Saturday,Brunch,11.45,17,Clear,72.5,Yes,No,14.0,8,0
0.9856,Wednesday,Dinner,18.72,30,Clear,83.7,Yes,No,13.0,6,30
0.1774,Wednesday,Lunch,10.9,43,Rain,70.7,No,No,12.0,6,0
0.8381,Saturday,Dinner,19.26,27,Heat,77.8,No,No,23.0,8,0
0.9087,Saturday,Lunch,12.48,26,Clear,78.5,Yes,Yes,28.0,8,0
0.9363,Tuesday,Dinner,19.97,32,Clear,72.4,Yes,Yes,26.0,9,15
0.8516,Sunday,Dinner,20.21,30,Heat,93.6,Yes,No,20.0,9,30
0.757,Friday,Lunch,13.01,21,Rain,79.4,Yes,No,14.0,5,10
0.8703,Saturday,Dinner,22.39,40,Clear,57.2,Yes,No,21.0,9,0
0.5163,Friday,Dinner,19.94,38,Cloudy,71.1,No,No,19.0,8,0
0.8418,Sunday,Dinner,18.63,31,Rain,80.2,Yes,Yes,27.0,10,0
0.4473,Wednesday,Lunch,11.91,14,Cloudy,49.7,No,No,9.0,5,10
0.7419,Friday,Lunch,12.39,49,Clear,38.8,No,Yes,24.0,7,0
0.6876,Saturday,Lunch,11.79,50,Clear,56.6,No,Yes,17.0,7,0
0.2595,Tuesday,Lunch,11.87,33,Cloudy,74.1,No,No,7.0,6,0
0.7935,Thursday,Dinner,17.25,2,,40.3,Yes,No,20.0,9,0
0.7812,Saturday,Brunch,12.05,44,Cloudy,56.3,Yes,No,19.0,7,0
0.8483,Thursday,Lunch,12.49,29,Cloudy,83.4,Yes,No,12.0,5,20
0.8953,Thursday,Dinner,18.15,4,Clear,58.2,No,No,20.0,9,20
0.8594,Sunday,Dinner,19.72,24,Cloudy,86.1,Yes,No,19.0,9,0
0.4137,Sunday,Lunch,12.77,19,Heat,76.8,No,No,13.0,7,5
0.9432,Sunday,Brunch,10.76,23,Cloudy,80.7,Yes,No,11.0,6,25
0.8055,Friday,Lunch,13.13,15,Cloudy,61.5,Yes,No,11.0,6,0
0.7768,Sunday,Dinner,19.96,5,Rain,44.4,No,No,18.0,9,20
0.9266,Friday,Lunch,12.51,35,Clear,74.2,Yes,Yes,13.0,6,0
0.5186,Tuesday,Lunch,11.86,30,Cloudy,81.7,Yes,No,9.0,6,0
0.9204,Saturday,Lunch,12.59,51,Clear,36.5,No,No,18.0,8,30
0.501,Friday,Lunch,11.42,29,Clear,74.2,No,No,8.0,6,0
0.7154,Saturday,Lunch,12.98,49,Clear,44.3,No,Yes,26.0,8,0
0.8078,Thursday,Lunch,12.6,1,Clear,43.4,Yes,No,7.0,4,0
0.9527,Saturday,Lunch,13.6,44,Clear,39.2,No,Yes,19.0,8,25
0.4343,Sunday,Lunch,13.29,16,Rain,53.9,No,No,10.0,7,20
0.4303,Thursday,Lunch,13.69,8,Cloudy,52.3,No,No,9.0,5,0
0.4175,Tuesday,Lunch,12.01,31,Cloudy,63.2,No,No,5.0,3,30
0.8978,Tuesday,Lunch,11.93,29,Cloudy,76.4,Yes,No,6.0,6,25
0.8872,Saturday,Dinner,21.28,34,Clear,64.4,Yes,No,20.0,9,0
0.9615,Friday,Dinner,19.36,45,Clear,61.8,Yes,No,16.0,8,0
0.8569,Sunday,Lunch,13.43,2,Cloudy,47.2,Yes,No,28.0,9,20
0.5339,Friday,Lunch,12.27,35,Clear,80.8,No,No,10.0,6,0
0.9653,Wednesday,Dinner,17.91,16,Clear,70.8,Yes,No,13.0,8,30
0.9674,Sunday,Dinner,19.87,45,Clear,56.8,No,Yes,39.0,11,25
0.9839,Sunday,Dinner,18.49,43,Cloudy,64.4,No,Yes,37.0,9,25
0.6135,Wednesday,Lunch,11.72,26,Cloudy,72.6,Yes,No,6.0,7,0
0.9124,Friday,Dinner,19.0,15,Clear,54.8,Yes,No,13.0,8,0
0.8837,Thursday,Lunch,12.32,18,Clear,67.3,No,No,7.0,8,30
0.8923,Thursday,Dinner,17.58,17,Clear,63.2,No,No,11.0,8,30
0.6428,Tuesday,Lunch,14.03,30,Clear,72.4,Yes,No,13.0,7,0
0.8898,Tuesday,Dinner,19.38,14,Clear,63.7,Yes,No,22.0,8,0
0.8272,Monday,Dinner,18.89,18,Cloudy,73.5,No,Yes,22.0,7,0
0.6489,Sunday,Dinner,21.08,2,Cloudy,43.6,Yes,No,18.0,8,0
0.9081,Monday,Lunch,13.44,39,Clear,74.5,Yes,No,11.0,5,20
0.9819,Friday,Dinner,18.72,6,Clear,49.4,No,No,20.0,8,25
0.7945,Tuesday,Dinner,16.08,50,Clear,35.0,No,No,20.0,9,25
0.7646,Sunday,Lunch,12.99,52,Cloudy,49.7,No,Yes,24.0,8,0
0.4176,Wednesday,Dinner,18.0,40,Cloudy,56.1,No,No,19.0,9,0
0.5843,Wednesday,Dinner,19.93,14,Rain,57.7,No,No,20.0,8,5
0.8895,Wednesday,Lunch,13.89,24,Clear,76.2,Yes,No,10.0,6,15
0.9597,Thursday,Dinner,17.84,11,Clear,61.5,Yes,No,12.0,8,30
0.4589,Monday,Dinner,20.53,31,Heat,84.8,No,No,,8,0
0.9755,Tuesday,Dinner,19.81,48,Cloudy,66.0,Yes,Yes,18.0,7,25
0.4828,Sunday,Brunch,10.87,21,Cloudy,73.8,No,No,16.0,7,0
0.9124,Sunday,Brunch,10.43,26,Clear,79.8,Yes,No,14.0,6,20
0.9897,Saturday,Lunch,14.3,41,Clear,71.5,Yes,No,16.0,8,25
0.9127,Sunday,Dinner,21.19,39,Clear,67.9,Yes,No,18.0,10,0
0.5547,Friday,Lunch,13.13,20,Cloudy,81.2,No,No,10.0,6,0
0.758,Thursday,Lunch,11.92,31,Clear,78.6,Yes,No,4.0,5,5
0.9212,Wednesday,Lunch,12.43,35,Clear,86.2,Yes,No,10.0,5,25
0.9313,Tuesday,Dinner,19.03,2,Cloudy,45.8,No,No,27.0,9,15
0.6653,Tuesday,Dinner,18.2,31,Heat,90.4,No,No,12.0,8,30
0.9624,Saturday,Dinner,18.68,15,Clear,56.6,Yes,No,22.0,10,15
0.8932,Saturday,Lunch,12.66,12,Clear,68.5,Yes,Yes,25.0,8,0
0.5601,Tuesday,Lunch,12.74,37,Cloudy,68.2,No,No,9.0,6,15
0.8693,Saturday,Dinner,20.23,12,Clear,57.7,Yes,No,11.0,9,0
0.1356,Monday,Lunch,12.63,6,Rain,44.4,No,No,11.0,3,0
0.9384,Friday,Dinner,19.97,15,Rain,57.7,Yes,Yes,23.0,9,20
0.6553,Tuesday,Lunch,11.83,17,Clear,63.3,No,No,13.0,6,15
0.494,Monday,Lunch,12.73,16,Cloudy,71.1,Yes,No,6.0,3,0
0.8519,Friday,Lunch,13.13,39,Clear,81.6,Yes,No,5.0,4,10
0.6736,Monday,Dinner,19.27,43,Cloudy,52.5,No,No,19.0,9,10
0.5993,Wednesday,Lunch,13.32,50,Clear,39.8,No,No,13.0,8,5
0.6156,Tuesday,Dinner,19.01,52,Clear,43.9,No,No,21.0,8,0
0.2014,Thursday,Lunch,14.13,5,Rain,56.3,No,No,11.0,6,0
0.772,Tuesday,Lunch,11.06,19,Clear,87.3,Yes,No,14.0,6,0
0.7921,Thursday,Lunch,13.6,45,Clear,51.0,Yes,No,15.0,5,20
0.3363,Sunday,Lunch,11.67,42,Rain,69.6,No,No,18.0,8,0
0.2178,Friday,Lunch,12.19,51,Rain,45.0,No,No,7.0,7,0
0.477,Thursday,Dinner,18.08,17,Cloudy,53.7,No,No,12.0,6,0
0.4473,Monday,Lunch,11.35,45,Cloudy,39.9,No,Yes,16.0,6,0
0.5874,Thursday,Dinner,19.89,37,Rain,66.5,No,Yes,34.0,10,0
0.6137,Friday,Dinner,19.8,9,Rain,50.7,No,No,23.0,8,0
0.8828,Saturday,Dinner,18.49,29,Clear,81.7,Yes,Yes,27.0,7,0
0.5211,Sunday,Lunch,12.34,18,Cloudy,75.5,No,No,17.0,8,5
0.4932,Friday,Lunch,13.15,42,Rain,58.1,No,No,15.0,5,15
0.8769,Saturday,Dinner,19.05,24,Clear,78.5,Yes,No,23.0,8,0
0.99,Saturday,Dinner,18.97,33,Clear,79.1,Yes,Yes,35.0,11,25
0.7669,Thursday,Lunch,13.14,12,Cloudy,53.6,No,No,15.0,6,15
0.3328,Monday,Lunch,13.65,44,Rain,50.2,No,Yes,18.0,5,15
0.603,Tuesday,Lunch,11.86,18,Cloudy,56.9,No,No,9.0,6,15
0.6311,Friday,Dinner,19.34,2,Rain,56.1,Yes,No,15.0,8,0
0.8176,Wednesday,Dinner,20.14,20,Cloudy,86.4,Yes,No,18.0,8,0
0.9397,Friday,Dinner,19.21,41,Clear,61.5,No,No,29.0,8,20
0.6181,Thursday,Lunch,13.2,48,Clear,50.2,No,No,8.0,4,20
0.8155,Tuesday,Dinner,19.37,4,Clear,35.0,Yes,No,,7,0
0.7842,Wednesday,Dinner,19.49,46,Clear,60.7,No,No,16.0,7,25
0.6838,Sunday,Dinner,20.27,28,Cloudy,77.6,No,No,15.0,7,0
0.8041,Monday,Dinner,20.87,40,Rain,74.7,No,Yes,29.0,8,30
0.7342,Tuesday,Lunch,13.3,16,Clear,64.4,Yes,Yes,14.0,6,0
0.4866,Tuesday,Lunch,13.04,19,Cloudy,75.9,No,No,6.0,4,0
0.6643,Friday,Lunch,13.85,10,Clear,35.0,No,Yes,20.0,6,0
0.6758,Wednesday,Lunch,11.41,41,Clear,75.6,Yes,No,9.0,5,0
0.9471,Sunday,Dinner,19.46,12,Clear,54.8,Yes,No,21.0,11,25
0.3034,Thursday,Lunch,12.74,15,Cloudy,63.8,No,No,7.0,5,0
0.6005,Monday,Lunch,13.54,25,Cloudy,81.9,Yes,Yes,17.0,5,0
0.482,Monday,Dinner,18.4,12,Cloudy,48.1,No,Yes,29.0,9,0
0.8119,Sunday,Dinner,19.58,41,Rain,69.0,Yes,No,18.0,8,10
0.8771,Saturday,Dinner,20.14,39,Clear,63.9,No,Yes,30.0,9,15
0.8117,Tuesday,Lunch,13.72,21,Clear,74.6,Yes,Yes,11.0,5,0
0.4074,Tuesday,Lunch,12.25,1,Clear,35.9,No,No,11.0,5,0
0.7158,Sunday,Brunch,11.01,43,Cloudy,49.9,No,Yes,31.0,7,0
0.4963,Wednesday,Lunch,14.64,33,Clear,76.1,Yes,No,7.0,6,0
0.6625,Wednesday,Dinner,19.82,3,Clear,53.6,No,No,16.0,9,0
0.6215,Thursday,Dinner,19.32,27,Cloudy,66.8,No,No,14.0,8,0
0.7383,Thursday,Lunch,11.83,21,Clear,80.0,Yes,No,4.0,6,0
0.9406,Saturday,Lunch,12.24,34,Cloudy,72.3,Yes,Yes,26.0,8,30
0.7293,Tuesday,Dinner,20.71,31,Clear,70.8,Yes,No,16.0,7,0
0.5343,Friday,Lunch,14.14,9,Rain,55.5,No,No,15.0,6,20
0.5057,Tuesday,Lunch,12.6,31,Cloudy,82.8,Yes,No,7.0,4,0
0.796,Sunday,Lunch,13.03,42,Clear,60.6,Yes,No,10.0,7,0
0.9178,Monday,Lunch,12.31,31,Clear,80.6,Yes,No,8.0,7,30
0.8217,Friday,Lunch,13.22,43,Cloudy,63.2,Yes,Yes,24.0,6,0
0.8125,Saturday,Dinner,18.69,35,Heat,84.9,Yes,No,19.0,9,0
0.822,Thursday,Dinner,19.39,43,Cloudy,62.4,No,No,17.0,8,10
0.5468,Friday,Dinner,20.91,45,Rain,74.4,No,Yes,27.0,8,0
0.487,Wednesday,Dinner,21.4,8,Clear,55.0,No,No,13.0,9,0
0.8314,Wednesday,Lunch,11.52,24,Clear,72.7,Yes,No,11.0,6,10
0.5439,Wednesday,Dinner,17.91,11,Clear,49.9,No,No,15.0,7,0
0.6783,Thursday,Dinner,19.13,36,Clear,68.5,No,Yes,17.0,9,0
0.4946,Friday,Dinner,18.23,5,Rain,51.3,No,No,23.0,9,0
0.8658,Monday,Dinner,18.17,49,Cloudy,44.2,No,Yes,34.0,9,20
0.477,Sunday,Lunch,12.7,18,Cloudy,70.6,No,No,10.0,7,0
0.8826,Saturday,Dinner,20.63,50,Cloudy,56.1,Yes,No,28.0,9,0
0.9155,Tuesday,Dinner,19.52,12,Clear,49.9,No,No,14.0,8,25
0.8013,Monday,Dinner,19.11,33,Clear,79.6,Yes,No,18.0,9,0
0.6684,Wednesday,Lunch,14.97,6,Rain,50.1,Yes,No,6.0,6,30
0.6953,Sunday,Lunch,11.62,5,Rain,40.7,No,No,8.0,6,25
0.8701,Friday,Dinner,18.29,36,Cloudy,69.6,No,No,18.0,6,20
0.8015,Sunday,Dinner,20.66,8,Cloudy,47.3,No,No,32.0,8,15
0.89,Saturday,Brunch,11.1,32,Clear,61.7,Yes,No,15.0,6,0
0.7712,Friday,Lunch,12.62,27,Cloudy,72.1,Yes,No,10.0,6,0
0.3549,Tuesday,Lunch,11.68,1,Rain,46.8,No,No,9.0,5,20
0.8746,Sunday,Dinner,20.74,35,Clear,70.2,Yes,No,24.0,9,0
0.7433,Sunday,Dinner,19.25,51,Clear,48.9,No,No,17.0,9,0
0.6471,Tuesday,Lunch,13.91,52,Cloudy,55.1,No,No,9.0,6,30
0.8597,Friday,Dinner,17.25,3,Clear,49.8,Yes,No,19.0,7,0
0.7828,Sunday,Lunch,10.3,22,Clear,71.4,Yes,No,17.0,9,0
0.99,Sunday,Brunch,10.55,21,Clear,79.9,Yes,No,16.0,7,25
0.8016,Tuesday,Lunch,12.55,17,Cloudy,71.9,No,No,12.0,5,30
0.6904,Saturday,Lunch,12.65,52,Cloudy,41.2,No,No,13.0,7,20
0.2669,Monday,Lunch,12.72,23,Clear,82.5,No,No,10.0,4,0
0.8954,Saturday,Brunch,10.79,26,Clear,83.3,Yes,No,7.0,5,5
0.8285,Tuesday,Lunch,15.14,10,Clear,53.7,Yes,No,13.0,6,15
0.3281,Wednesday,Lunch,13.66,46,Rain,73.6,No,No,16.0,8,15
0.3042,Saturday,Lunch,13.35,52,Rain,50.8,No,No,8.0,5,0
0.7355,Friday,Lunch,12.7,2,Cloudy,44.2,No,No,11.0,6,15
0.1607,Tuesday,Lunch,12.43,51,Rain,52.7,No,No,8.0,6,0
0.8733,Saturday,Brunch,10.38,43,Clear,59.0,Yes,No,10.0,5,15
0.3487,Tuesday,Lunch,10.96,28,Heat,89.2,No,No,9.0,6,20
0.5774,Monday,Dinner,18.87,16,Heat,81.1,No,Yes,30.0,10,0
0.7573,Friday,Lunch,11.71,34,Heat,83.9,No,Yes,16.0,7,30
0.5438,Saturday,Lunch,14.05,22,Cloudy,68.3,No,No,,6,0
0.4202,Saturday,Brunch,10.37,15,Rain,59.9,No,Yes,13.0,7,0
0.3955,Sunday,Lunch,12.25,2,Cloudy,56.3,No,No,10.0,5,0
0.9734,Saturday,Dinner,20.57,4,Clear,59.3,Yes,Yes,34.0,10,0
0.8536,Friday,Dinner,19.48,28,Rain,81.4,Yes,Yes,35.0,9,0
0.3961,Friday,Dinner,19.22,43,Rain,54.2,No,No,16.0,7,0
0.8839,Saturday,Lunch,12.15,6,Cloudy,47.5,No,Yes,18.0,7,20
0.5805,Friday,Dinner,21.77,49,Clear,46.5,No,No,19.0,8,0
0.9119,Saturday,Lunch,12.95,35,Cloudy,68.2,Yes,No,14.0,7,20
0.8397,Sunday,Dinner,20.6,5,Clear,56.5,No,No,20.0,10,25
0.8245,Thursday,Dinner,20.05,7,Clear,42.5,No,No,,7,5
0.779,Sunday,Brunch,10.96,19,Heat,87.9,No,No,16.0,7,30
0.803,Thursday,Dinner,19.19,41,Clear,70.9,No,Yes,24.0,7,0
0.8368,Friday,Lunch,14.56,30,Clear,78.3,No,No,12.0,6,25
0.9505,Saturday,Dinner,18.97,48,Clear,45.5,No,Yes,40.0,8,0
0.1222,Thursday,Lunch,14.52,35,Rain,74.8,No,No,8.0,6,0
0.8842,Monday,Dinner,18.65,2,Clear,63.5,Yes,No,24.0,9,0
0.4361,Saturday,Lunch,13.15,50,Clear,51.3,No,No,19.0,7,0
0.8961,Saturday,Brunch,11.53,39,Clear,73.7,Yes,No,17.0,8,0
0.7981,Sunday,Dinner,18.89,52,Cloudy,36.8,No,No,25.0,9,0
0.9864,Saturday,Dinner,19.57,27,Cloudy,69.4,Yes,Yes,26.0,10,30
0.1859,Thursday,Lunch,13.83,17,Rain,58.3,No,No,6.0,8,0
0.8616,Saturday,Brunch,10.04,27,Clear,72.3,Yes,No,11.0,5,15
0.6525,Monday,Lunch,13.61,31,Cloudy,81.2,Yes,Yes,14.0,5,0
0.7435,Tuesday,Lunch,12.15,50,Clear,50.2,No,No,10.0,6,25
0.7348,Friday,Lunch,11.9,15,Rain,61.3,Yes,No,12.0,6,10
0.6528,Friday,Lunch,12.79,13,Cloudy,68.9,No,No,9.0,6,0
0.8369,Saturday,Dinner,16.34,28,Clear,76.3,Yes,No,17.0,9,0
0.79,Thursday,Lunch,13.61,32,Clear,76.6,Yes,No,10.0,5,15
0.862,Monday,Lunch,12.57,8,Clear,55.5,No,No,12.0,6,30
0.9091,Monday,Lunch,13.08,25,Clear,77.2,Yes,No,11.0,6,20
0.813,Saturday,Lunch,14.52,35,Clear,79.3,Yes,No,7.0,6,0
0.3766,Wednesday,Lunch,11.35,43,Rain,62.6,No,No,9.0,5,20
0.6538,Monday,Dinner,19.35,20,Heat,73.9,Yes,No,13.0,8,0
0.7871,Monday,Lunch,13.4,29,Cloudy,67.0,Yes,No,6.0,4,25
0.9015,Thursday,Lunch,12.61,45,Clear,61.7,Yes,No,11.0,7,20
0.6065,Tuesday,Lunch,12.75,7,Clear,41.2,No,Yes,22.0,6,0
0.7842,Monday,Dinner,19.11,42,Clear,69.0,Yes,No,,8,0
0.8173,Wednesday,Lunch,12.35,26,Clear,80.6,Yes,No,16.0,7,0
0.4793,Tuesday,Lunch,12.64,49,Clear,57.3,No,No,14.0,5,0
0.4637,Wednesday,Lunch,11.87,26,Rain,77.2,Yes,Yes,14.0,5,0
0.7415,Sunday,Dinner,20.73,6,Clear,35.0,No,No,34.0,10,0
0.6319,Wednesday,Lunch,12.72,13,Rain,48.6,No,No,10.0,5,30
0.9624,Friday,Lunch,11.95,18,Clear,70.8,Yes,Yes,15.0,6,25
0.5951,Saturday,Brunch,10.46,13,Rain,57.2,No,No,16.0,7,30
0.8509,Thursday,Lunch,13.47,26,Clear,83.3,Yes,No,15.0,6,20
0.8009,Tuesday,Lunch,12.96,23,Clear,70.3,Yes,No,9.0,6,10
0.5056,Sunday,Dinner,19.12,31,Rain,65.1,No,No,22.0,8,0
0.4614,Wednesday,Lunch,11.87,42,Clear,61.8,No,No,15.0,4,0
0.1855,Monday,Lunch,14.64,13,Rain,64.1,Yes,No,9.0,6,0
0.7936,Wednesday,Dinner,19.42,10,Clear,50.7,No,No,11.0,8,20
0.4805,Friday,Lunch,12.19,34,Rain,65.3,Yes,No,10.0,6,0
0.3355,Sunday,Brunch,10.66,6,Cloudy,40.3,No,No,11.0,6,0
0.6054,Friday,Lunch,12.72,40,Rain,67.8,Yes,No,16.0,6,0
0.9454,Thursday,Dinner,20.4,24,Cloudy,56.6,Yes,No,11.0,8,30
0.8532,Friday,Lunch,12.57,9,Clear,55.9,Yes,No,9.0,5,0
0.6567,Wednesday,Lunch,13.85,12,Clear,55.9,No,No,8.0,5,25
0.8184,Saturday,Dinner,21.29,48,Clear,48.6,Yes,No,21.0,10,0
0.2917,Monday,Lunch,11.02,28,Cloudy,93.4,No,No,11.0,5,10
0.4642,Thursday,Lunch,11.83,21,Cloudy,91.9,Yes,No,9.0,5,0
0.5211,Tuesday,Dinner,17.94,11,Cloudy,66.3,No,No,,7,0
0.9737,Thursday,Lunch,11.42,22,Clear,77.4,Yes,Yes,9.0,7,25
0.975,Saturday,Dinner,19.12,25,Clear,80.5,Yes,Yes,37.0,10,0
0.7742,Wednesday,Lunch,12.74,3,Clear,40.5,Yes,No,14.0,7,0
0.8581,Saturday,Brunch,10.72,38,Cloudy,62.3,Yes,No,21.0,8,10
0.8753,Saturday,Dinner,19.42,16,Cloudy,59.2,Yes,No,18.0,8,0
0.3329,Tuesday,Lunch,13.77,39,Cloudy,64.3,No,No,9.0,5,0
0.7308,Saturday,Brunch,9.94,40,Rain,62.5,Yes,No,16.0,6,0
0.963,Sunday,Dinner,19.52,40,Clear,59.1,Yes,No,22.0,8,25
0.6233,Friday,Lunch,12.88,41,Clear,58.1,No,No,12.0,5,0
0.6489,Tuesday,Lunch,13.81,45,Clear,45.3,Yes,No,17.0,7,0
0.4936,Monday,Dinner,19.2,11,Rain,44.7,No,No,19.0,8,0
0.9261,Friday,Dinner,19.98,19,Clear,65.3,Yes,Yes,24.0,9,0
0.6542,Friday,Dinner,22.26,17,Clear,70.4,No,No,13.0,8,0
0.3403,Wednesday,Lunch,12.64,25,Heat,95.0,Yes,No,5.0,4,0
0.5991,Friday,Dinner,19.8,27,Heat,91.7,Yes,No,13.0,7,0
0.4591,Tuesday,Lunch,12.6,10,Cloudy,44.3,No,No,15.0,6,0
0.674,Thursday,Lunch,11.87,30,Cloudy,73.1,Yes,No,8.0,6,0
0.6507,Sunday,Lunch,12.67,52,Cloudy,39.4,No,No,16.0,6,0
0.6777,Friday,Dinner,19.67,8,Rain,38.7,No,Yes,30.0,8,0
0.6399,Sunday,Dinner,18.17,52,Rain,48.0,No,Yes,34.0,10,0
0.9892,Friday,Dinner,18.66,11,Clear,60.5,No,No,17.0,6,25
0.9074,Saturday,Dinner,18.68,48,Cloudy,50.4,Yes,No,27.0,10,0
0.8259,Sunday,Dinner,19.28,10,Clear,46.6,No,No,28.0,8,0
0.2512,Thursday,Lunch,13.7,30,Cloudy,71.3,No,No,6.0,5,0
0.5394,Wednesday,Lunch,11.66,49,Clear,62.7,No,No,8.0,6,10
0.7561,Thursday,Dinner,18.79,6,Cloudy,47.3,Yes,No,12.0,7,0
0.5851,Tuesday,Dinner,20.27,30,Rain,70.9,No,No,20.0,9,20
0.752,Thursday,Dinner,18.8,10,Cloudy,60.6,Yes,No,15.0,7,0
0.6436,Wednesday,Dinner,19.66,41,Rain,64.8,Yes,No,22.0,8,0
0.5496,Wednesday,Lunch,11.58,3,Clear,40.2,No,No,11.0,6,0
0.8454,Sunday,Lunch,13.07,43,Cloudy,59.6,Yes,No,16.0,7,10
0.659,Thursday,Dinner,19.23,25,Cloudy,85.5,Yes,No,9.0,8,0
0.2649,Sunday,Lunch,11.68,8,Rain,49.3,No,No,9.0,8,0
0.6717,Sunday,Lunch,12.94,30,Clear,77.5,Yes,No,16.0,6,0
0.9408,Monday,Dinner,20.17,26,Clear,76.3,Yes,No,15.0,7,30
0.673,Tuesday,Lunch,11.6,41,Clear,64.2,Yes,No,8.0,7,0
0.5713,Saturday,Dinner,20.55,49,Rain,45.0,No,Yes,36.0,10,0
0.9075,Friday,Lunch,13.86,39,Clear,76.0,Yes,No,12.0,5,5
0.7149,Thursday,Lunch,11.98,15,Cloudy,58.1,No,No,16.0,7,5
0.8661,Saturday,Dinner,21.4,9,Clear,50.2,No,No,19.0,9,10
0.8671,Saturday,Lunch,12.65,4,Rain,35.0,No,Yes,29.0,7,25
0.7012,Thursday,Dinner,17.52,31,Rain,81.2,Yes,No,23.0,9,15
0.6265,Saturday,Brunch,10.82,38,Rain,73.6,Yes,No,6.0,7,0
0.7509,Friday,Dinner,18.87,38,Cloudy,71.5,No,No,12.0,8,0
0.9247,Tuesday,Dinner,18.08,4,Clear,44.9,No,No,25.0,8,15
0.6394,Saturday,Lunch,11.0,28,Rain,86.6,Yes,No,13.0,6,15
0.9797,Saturday,Lunch,12.1,15,Rain,63.6,Yes,Yes,26.0,7,30
0.7349,Saturday,Brunch,10.34,27,Clear,85.9,Yes,No,14.0,7,0
0.9472,Saturday,Dinner,19.0,10,Clear,52.3,No,Yes,36.0,10,0
0.6199,Tuesday,Dinner,19.52,52,,47.5,No,No,20.0,8,0
0.8224,Wednesday,Dinner,19.58,13,Clear,52.9,Yes,No,20.0,7,0
0.81,Friday,Lunch,12.57,37,Clear,78.4,Yes,No,8.0,5,0
0.799,Monday,Lunch,12.21,20,Clear,64.1,No,No,9.0,5,30
0.8972,Thursday,Dinner,18.73,45,Cloudy,49.5,No,No,18.0,7,30
0.9165,Saturday,Dinner,17.99,1,Clear,43.2,No,No,22.0,8,30
0.9663,Saturday,Dinner,20.47,7,Clear,62.7,Yes,No,23.0,8,15
0.8631,Thursday,Dinner,20.02,24,Cloudy,75.0,Yes,No,10.0,7,10
0.931,Wednesday,Dinner,19.46,27,Clear,95.7,Yes,Yes,22.0,8,0
0.7509,Wednesday,Lunch,11.81,42,Clear,56.8,No,No,16.0,8,25
0.765,Saturday,Dinner,18.44,34,Heat,77.2,Yes,No,25.0,9,0
0.7704,Friday,Dinner,20.04,10,Cloudy,40.9,Yes,No,10.0,8,0
0.8032,Tuesday,Dinner,18.87,39,Cloudy,63.9,Yes,No,19.0,6,0
0.7677,Sunday,Brunch,11.54,44,Clear,51.5,Yes,Yes,27.0,8,0
0.6072,Wednesday,Lunch,13.41,46,Clear,51.3,Yes,No,8.0,4,10
0.8515,Thursday,Dinner,17.62,32,Clear,75.8,Yes,No,17.0,9,0
0.51,Friday,Lunch,14.93,47,Clear,47.6,No,No,13.0,5,0
0.8218,Monday,Dinner,20.25,37,Clear,69.3,Yes,No,16.0,7,0
0.8274,Sunday,Lunch,12.46,43,Clear,72.4,Yes,No,14.0,7,0
0.8696,Saturday,Dinner,19.12,6,Clear,57.2,No,Yes,37.0,8,0
0.5772,Thursday,Dinner,19.96,10,Clear,46.9,No,No,14.0,7,0
0.7479,Wednesday,Dinner,18.08,4,Cloudy,48.8,No,No,16.0,8,20
0.5684,Tuesday,Lunch,11.53,6,Cloudy,45.8,No,No,8.0,6,10
0.6632,Thursday,Lunch,12.3,20,Clear,87.1,Yes,No,10.0,5,0
0.6364,Friday,Dinner,19.56,11,Cloudy,59.2,No,No,25.0,8,0
0.4358,Wednesday,Lunch,13.54,18,Rain,66.9,Yes,No,8.0,6,0
0.3265,Tuesday,Lunch,12.85,6,Rain,51.2,No,No,13.0,8,15
0.9478,Sunday,Dinner,18.3,27,Rain,87.3,Yes,No,24.0,9,30
0.1645,Monday,Dinner,17.43,35,Rain,69.4,No,No,10.0,7,0
0.2999,Tuesday,Lunch,12.96,32,Rain,68.0,No,No,13.0,6,0
0.8165,Friday,Dinner,18.44,21,Rain,72.4,Yes,Yes,25.0,9,0
0.8903,Tuesday,Dinner,18.76,10,Clear,41.7,No,No,18.0,8,25
0.6278,Wednesday,Dinner,18.76,46,Rain,51.2,Yes,No,11.0,8,0
0.6478,Saturday,Lunch,13.34,2,Cloudy,55.7,No,No,15.0,7,5
0.7157,Saturday,Lunch,13.53,12,Cloudy,63.2,Yes,No,11.0,6,0
0.2344,Wednesday,Dinner,20.95,19,Rain,75.7,No,No,14.0,8,0
0.9802,Thursday,Dinner,20.06,5,Clear,57.4,Yes,No,24.0,9,25
0.2788,Sunday,Brunch,13.06,35,Rain,63.7,No,No,14.0,8,0
0.5446,Saturday,Lunch,12.75,48,Rain,38.4,No,Yes,23.0,8,0
0.8779,Saturday,Brunch,11.5,44,Clear,58.4,No,No,17.0,7,30
0.8622,Monday,Dinner,18.06,22,Clear,82.9,No,No,7.0,7,20
0.8478,Monday,Dinner,18.55,23,Clear,79.8,No,No,11.0,8,30
0.8133,Wednesday,Lunch,13.79,47,Cloudy,62.4,No,Yes,17.0,7,25
0.8548,Friday,Lunch,11.84,16,Clear,68.0,Yes,No,9.0,5,10
0.3796,Sunday,Lunch,12.83,16,Rain,63.9,No,No,18.0,9,10
0.5776,Wednesday,Lunch,12.2,28,Heat,84.0,Yes,No,5.0,4,0
0.8291,Thursday,Lunch,11.01,31,Clear,90.7,Yes,Yes,13.0,5,0
0.3978,Thursday,Lunch,12.0,47,Clear,47.8,No,No,12.0,5,0
0.559,Sunday,Dinner,19.66,18,Heat,82.8,No,No,21.0,9,0
0.7254,Saturday,Lunch,11.43,6,Cloudy,49.9,No,No,11.0,8,10
0.9483,Saturday,Brunch,11.44,17,Clear,60.9,Yes,No,12.0,6,30
0.8358,Friday,Lunch,12.2,38,Clear,82.0,Yes,No,10.0,4,0
0.784,Monday,Dinner,19.61,13,Clear,57.9,No,No,14.0,8,0
0.9389,Thursday,Dinner,19.47,24,Cloudy,64.7,Yes,No,18.0,9,0
0.9785,Friday,Dinner,19.0,39,Clear,67.3,Yes,Yes,29.0,9,30
0.6224,Sunday,Dinner,18.81,15,Cloudy,60.6,No,No,20.0,8,0
0.1883,Sunday,Brunch,10.18,12,Rain,54.3,No,No,17.0,7,0
0.9649,Thursday,Dinner,18.72,42,Clear,43.8,No,No,26.0,9,30
0.3118,Tuesday,Lunch,10.07,26,Clear,68.6,No,No,6.0,5,0
0.7409,Sunday,Lunch,12.47,27,Clear,83.2,Yes,No,14.0,5,0
0.6487,Sunday,Brunch,11.02,6,Clear,59.1,No,Yes,16.0,7,0
0.4529,Wednesday,Lunch,12.02,15,Clear,51.8,No,No,7.0,6,0
0.531,Thursday,Dinner,20.81,7,Cloudy,45.1,No,No,21.0,9,0
0.2799,Saturday,Lunch,12.9,40,Rain,69.1,No,No,8.0,7,0
0.891,Saturday,Lunch,12.26,26,Cloudy,83.6,Yes,Yes,21.0,8,0
0.6542,Thursday,Dinner,19.53,23,Cloudy,87.5,Yes,No,5.0,7,0
0.9216,Saturday,Dinner,19.27,43,Heat,75.1,Yes,No,26.0,10,5
0.8379,Thursday,Dinner,20.14,40,Clear,66.0,Yes,No,19.0,8,0
0.6654,Sunday,Dinner,21.42,36,Rain,73.8,Yes,No,22.0,9,15
0.8452,Friday,Dinner,19.9,25,Cloudy,80.9,Yes,Yes,25.0,10,0
0.9777,Friday,Dinner,18.9,2,Cloudy,52.5,Yes,Yes,34.0,10,20
0.4541,Thursday,Lunch,12.08,42,Clear,72.7,No,No,13.0,6,10
0.7837,Friday,Lunch,13.05,8,Cloudy,50.2,Yes,Yes,18.0,7,0
0.7396,Friday,Lunch,12.15,44,Clear,50.9,Yes,No,10.0,7,0
0.7705,Tuesday,Lunch,13.21,30,Rain,78.2,Yes,No,8.0,6,25
0.6956,Wednesday,Lunch,13.15,18,Clear,72.4,No,No,10.0,5,25
0.8266,Saturday,Dinner,17.52,21,Cloudy,70.7,No,Yes,33.0,10,0
0.7989,Monday,Dinner,20.5,30,Clear,68.8,No,No,16.0,9,20
0.99,Sunday,Dinner,18.29,16,Clear,67.9,Yes,Yes,33.0,10,0
0.7771,Monday,Dinner,19.7,43,Cloudy,62.2,Yes,No,19.0,7,0
0.6543,Tuesday,Lunch,13.18,43,Cloudy,63.9,Yes,Yes,15.0,6,0
0.7667,Sunday,Dinner,19.09,12,Clear,58.8,No,No,31.0,9,0
0.2831,Sunday,Brunch,11.11,48,Rain,52.1,No,No,12.0,6,0
0.6432,Monday,Lunch,14.13,32,Clear,75.4,Yes,No,12.0,5,0
0.4224,Sunday,Lunch,11.78,2,Cloudy,45.9,No,No,15.0,6,0
0.8737,Saturday,Dinner,19.93,50,Cloudy,60.9,No,Yes,37.0,9,0
0.3266,Monday,Dinner,21.11,25,Heat,82.5,No,No,16.0,7,0
0.7899,Tuesday,Dinner,20.11,1,Clear,52.1,No,No,19.0,6,15
0.9449,Monday,Dinner,19.58,31,Cloudy,76.0,Yes,No,,7,20
0.4754,Thursday,Lunch,10.89,52,Clear,52.4,No,No,10.0,7,0
0.4926,Tuesday,Lunch,12.44,8,Clear,58.5,No,No,15.0,6,0
0.2457,Thursday,Lunch,10.85,11,Rain,55.3,No,No,9.0,5,0
0.6614,Tuesday,Dinner,18.67,12,Cloudy,64.7,No,No,18.0,9,10
0.4743,Wednesday,Dinner,17.6,16,Clear,69.7,No,No,14.0,9,0
0.7909,Sunday,Lunch,12.05,22,Cloudy,73.6,Yes,No,14.0,7,0
0.7647,Friday,Lunch,12.09,35,Cloudy,79.7,Yes,Yes,6.0,4,0
0.6756,Monday,Lunch,13.59,13,Clear,54.0,Yes,No,9.0,5,0
0.8716,Thursday,Lunch,13.93,50,Cloudy,48.4,Yes,No,15.0,6,25
0.787,Friday,Lunch,13.32,11,Cloudy,73.2,Yes,No,13.0,6,0
0.9032,Tuesday,Dinner,18.33,24,Clear,84.6,Yes,No,17.0,7,0
0.1683,Monday,Lunch,14.39,38,Heat,75.3,No,No,6.0,5,0
0.4114,Sunday,Brunch,10.26,35,Rain,67.9,Yes,No,10.0,6,0
0.9529,Saturday,Dinner,19.16,28,Heat,94.7,Yes,Yes,24.0,8,0
0.8455,Tuesday,Dinner,19.66,20,Clear,85.4,Yes,No,11.0,7,0
0.8928,Friday,Dinner,19.46,26,Cloudy,68.0,Yes,No,18.0,9,0
0.674,Friday,Lunch,12.19,51,Cloudy,36.8,No,Yes,12.0,6,0
0.4178,Thursday,Dinner,20.76,30,Rain,70.9,No,No,16.0,7,0
0.9336,Sunday,Dinner,18.87,31,Clear,79.5,Yes,No,24.0,8,0
0.4552,Tuesday,Dinner,20.39,10,Cloudy,47.6,No,No,12.0,7,0
0.9706,Thursday,Dinner,19.66,37,Clear,74.1,Yes,Yes,16.0,7,20
0.5958,Saturday,Lunch,11.17,45,Clear,57.1,No,No,18.0,6,0
0.2002,Tuesday,Lunch,11.32,38,Rain,70.6,No,Yes,18.0,6,0
0.5614,Monday,Lunch,13.66,49,Cloudy,44.3,No,No,11.0,4,20
0.4518,Monday,Dinner,19.03,27,Rain,65.9,No,No,16.0,8,10
0.7821,Tuesday,Lunch,12.48,16,Cloudy,56.0,No,No,15.0,7,25
0.9297,Sunday,Lunch,12.77,5,Clear,51.7,Yes,No,21.0,7,15
0.9574,Friday,Dinner,19.59,38,Rain,68.1,Yes,Yes,26.0,10,20
0.9678,Sunday,Dinner,17.99,13,Clear,70.5,Yes,Yes,41.0,11,15
0.5504,Thursday,Lunch,13.48,19,Cloudy,67.7,No,No,7.0,5,15
0.8372,Sunday,Lunch,14.86,16,Cloudy,78.8,Yes,No,20.0,7,15
0.84,Wednesday,Dinner,18.26,48,Clear,61.8,No,Yes,31.0,8,0
0.7941,Sunday,Lunch,10.93,30,Cloudy,85.7,No,No,15.0,7,30
0.7366,Thursday,Lunch,12.14,34,Cloudy,64.8,Yes,No,10.0,5,0
0.4524,Tuesday,Lunch,13.74,51,Clear,45.7,No,No,8.0,5,20
0.4588,Sunday,Dinner,18.98,10,Rain,57.0,No,No,26.0,10,0
0.6723,Tuesday,Lunch,12.95,33,Clear,61.1,No,No,9.0,6,25
0.5947,Sunday,Brunch,10.16,9,Clear,53.9,No,No,12.0,6,0
0.6132,Monday,Lunch,12.39,23,Cloudy,72.2,Yes,No,8.0,8,0
0.3227,Monday,Dinner,19.08,1,Rain,37.5,No,No,22.0,10,0
0.7222,Friday,Lunch,14.32,3,Rain,54.4,No,No,8.0,6,25
0.5711,Sunday,Lunch,14.02,37,Clear,69.6,No,No,11.0,6,15
0.5089,Monday,Lunch,12.73,30,Cloudy,79.8,Yes,No,12.0,7,0
0.9614,Saturday,Lunch,11.48,27,Clear,79.7,Yes,Yes,19.0,7,30
0.7218,Saturday,Lunch,12.35,35,Cloudy,87.9,Yes,No,16.0,8,0
0.8133,Tuesday,Dinner,19.36,34,Heat,79.7,No,No,15.0,9,30
0.7746,Tuesday,Dinner,17.66,23,Cloudy,88.9,Yes,No,15.0,7,0
0.8451,Monday,Dinner,18.54,15,Clear,58.5,Yes,No,20.0,8,0
0.8111,Wednesday,Dinner,20.33,2,Clear,40.2,No,No,17.0,6,10
0.6281,Thursday,Dinner,18.07,3,Cloudy,46.8,Yes,No,15.0,8,0
0.8573,Wednesday,Dinner,18.86,29,Rain,77.1,Yes,No,20.0,9,25
0.5977,Sunday,Lunch,13.89,47,Clear,38.9,No,No,18.0,8,15
0.8697,Sunday,Lunch,13.37,43,Clear,69.7,Yes,No,14.0,9,0
0.7516,Saturday,Lunch,12.37,42,Cloudy,48.2,Yes,No,17.0,7,0
0.8787,Sunday,Lunch,13.5,37,Clear,71.4,Yes,Yes,32.0,8,0
0.7898,Sunday,Lunch,12.31,16,Clear,70.0,Yes,No,18.0,6,0
0.8286,Thursday,Lunch,13.27,21,Cloudy,61.2,No,No,11.0,6,15
0.8412,Sunday,Brunch,10.39,1,Clear,59.7,Yes,No,7.0,6,20
0.9576,Saturday,Dinner,19.35,41,Cloudy,71.5,No,No,29.0,8,20
0.8567,Tuesday,Lunch,11.72,16,Clear,62.9,Yes,No,5.0,5,10
0.5998,Wednesday,Lunch,13.03,21,Cloudy,84.4,Yes,No,14.0,6,5
0.1201,Thursday,Lunch,14.91,47,Rain,53.4,No,No,11.0,5,0
0.7751,Tuesday,Lunch,13.06,23,,73.0,Yes,No,9.0,5,10
0.2293,Tuesday,Lunch,12.82,16,Rain,65.7,No,No,11.0,5,0
0.9599,Friday,Dinner,18.93,37,Clear,59.4,Yes,No,19.0,9,15
0.2063,Saturday,Lunch,14.18,3,Rain,41.8,No,No,9.0,5,0
0.5244,Monday,Lunch,13.23,37,Cloudy,71.0,Yes,No,5.0,5,0
0.883,Friday,Dinner,18.89,12,Clear,52.2,No,Yes,26.0,8,0
0.921,Friday,Lunch,12.74,40,Clear,67.0,Yes,Yes,15.0,5,0
0.4027,Tuesday,Lunch,12.29,13,Clear,58.8,No,No,17.0,7,0
0.6193,Friday,Lunch,12.67,25,Clear,82.4,No,No,8.0,6,10
0.798,Friday,Lunch,13.58,32,Rain,62.4,Yes,No,11.0,6,30
0.9708,Sunday,Brunch,9.97,12,Clear,54.4,Yes,No,15.0,8,30
0.9282,Saturday,Lunch,10.88,5,Clear,57.1,Yes,Yes,19.0,6,0
0.7942,Sunday,Lunch,11.67,28,Heat,83.9,Yes,No,9.0,7,20
0.7949,Tuesday,Lunch,12.38,30,Clear,76.8,Yes,No,17.0,6,0
0.9751,Saturday,Dinner,19.73,12,Clear,67.8,Yes,No,22.0,9,30
0.4984,Wednesday,Dinner,19.98,47,Rain,47.3,No,No,13.0,7,5
0.5031,Sunday,Lunch,12.48,36,Heat,82.3,No,No,11.0,7,0
0.6851,Tuesday,Dinner,19.57,12,Clear,55.0,No,No,15.0,8,15
0.9135,Sunday,Dinner,17.8,34,Clear,70.9,Yes,No,24.0,10,0
0.9525,Monday,Dinner,18.8,11,Clear,71.4,Yes,No,17.0,8,10
0.8829,Saturday,Dinner,20.13,2,Cloudy,43.4,Yes,No,30.0,10,0
0.8534,Friday,Dinner,20.12,32,Heat,82.8,No,Yes,25.0,9,15
0.9281,Saturday,Dinner,19.37,34,Clear,71.2,Yes,No,19.0,10,0
0.5861,Saturday,Brunch,11.33,34,Cloudy,71.0,No,No,13.0,6,0
0.5887,Sunday,Lunch,13.5,40,Cloudy,56.4,Yes,Yes,27.0,7,0
0.8927,Thursday,Lunch,12.95,48,Cloudy,62.4,No,No,12.0,6,30
0.8072,Wednesday,Dinner,19.76,9,Rain,48.8,No,No,18.0,8,25
0.6702,Monday,Lunch,13.16,44,Clear,52.4,No,Yes,12.0,5,15
0.405,Tuesday,Dinner,17.12,50,Clear,53.5,No,No,12.0,9,0
0.8875,Monday,Lunch,11.96,22,Cloudy,70.3,Yes,No,14.0,6,15
0.8739,Sunday,Dinner,19.54,29,Heat,90.9,Yes,Yes,27.0,8,0
0.7436,Friday,Dinner,16.24,1,Cloudy,39.5,Yes,No,20.0,6,0
0.5437,Thursday,Dinner,19.16,5,Rain,42.1,No,No,18.0,8,0
0.951,Thursday,Dinner,18.6,23,Clear,77.5,Yes,No,8.0,7,20
0.9522,Wednesday,Dinner,20.21,35,Clear,79.0,Yes,No,16.0,9,20
0.7743,Thursday,Dinner,19.99,40,Clear,72.5,Yes,No,13.0,8,0
0.5248,Monday,Lunch,13.99,51,Clear,50.1,No,No,12.0,4,20
0.6135,Monday,Dinner,19.41,41,Clear,51.4,No,Yes,23.0,8,0
0.7174,Wednesday,Lunch,13.16,14,Cloudy,68.9,No,No,12.0,6,15
0.9817,Saturday,Dinner,18.78,33,Clear,71.9,Yes,Yes,32.0,9,20
0.5466,Sunday,Brunch,9.64,1,Cloudy,56.1,Yes,No,10.0,6,0
0.8691,Sunday,Brunch,11.17,50,Rain,55.1,No,Yes,30.0,7,30
0.961,Thursday,Dinner,19.69,52,Cloudy,60.9,Yes,No,,7,20
0.976,Friday,Dinner,20.36,50,Clear,52.5,No,Yes,25.0,10,20
0.9474,Saturday,Dinner,18.47,2,Cloudy,55.0,Yes,Yes,32.0,10,0
0.519,Sunday,Lunch,12.32,20,Cloudy,58.7,No,No,,6,0
0.3274,Sunday,Lunch,13.34,13,Clear,45.1,No,No,13.0,7,0
0.7869,Monday,Dinner,19.54,20,Cloudy,81.6,Yes,No,17.0,8,0
0.8456,Wednesday,Lunch,13.37,36,Clear,72.4,Yes,No,14.0,6,10
0.6397,Wednesday,Lunch,12.7,50,Clear,59.1,Yes,No,15.0,7,0
0.7059,Sunday,Dinner,18.51,9,Cloudy,53.0,No,No,18.0,10,0
0.8378,Thursday,Dinner,19.77,23,Clear,93.0,Yes,No,19.0,8,0
0.8297,Saturday,Dinner,18.44,37,Clear,75.7,Yes,No,19.0,7,0
0.675,Wednesday,Lunch,12.49,47,Cloudy,50.4,No,No,14.0,4,30
0.9631,Thursday,Dinner,19.8,37,Cloudy,74.4,Yes,No,16.0,7,20
0.9221,Friday,Lunch,11.73,22,Cloudy,79.0,Yes,No,11.0,4,25
0.616,Wednesday,Dinner,18.79,11,Clear,58.3,No,No,13.0,9,0
0.6432,Thursday,Lunch,11.12,4,Clear,56.4,Yes,No,14.0,4,0
0.6637,Thursday,Lunch,12.01,1,Rain,45.5,No,No,24.0,7,25
0.7766,Saturday,Brunch,11.9,7,Clear,47.8,No,No,16.0,7,0
0.5182,Saturday,Dinner,20.05,32,Clear,70.9,No,No,22.0,9,0
0.7357,Monday,Dinner,17.54,51,Rain,49.2,No,No,18.0,8,30
0.9669,Saturday,Lunch,12.99,35,Clear,77.9,Yes,Yes,20.0,6,15
0.849,Wednesday,Dinner,18.24,38,Cloudy,74.9,No,No,17.0,8,25
0.8904,Tuesday,Dinner,20.54,15,Cloudy,58.9,Yes,No,16.0,7,15
0.9887,Saturday,Dinner,19.91,22,Clear,76.3,Yes,No,15.0,8,0
0.75,Wednesday,Dinner,18.69,50,Clear,48.1,No,No,16.0,8,15
0.6356,Sunday,Lunch,13.65,20,Clear,93.4,Yes,No,9.0,6,0
0.7012,Monday,Lunch,13.41,39,Clear,68.4,Yes,Yes,10.0,6,0
0.6332,Tuesday,Lunch,12.24,15,Cloudy,53.5,Yes,No,11.0,5,0
0.9095,Friday,Lunch,13.29,13,Cloudy,62.2,Yes,No,14.0,6,15
0.9549,Friday,Dinner,19.36,52,Clear,41.9,No,No,21.0,9,30
0.3251,Tuesday,Lunch,13.87,7,Clear,57.1,No,No,14.0,5,0
0.7396,Thursday,Dinner,19.45,25,Rain,77.3,Yes,No,13.0,7,0
0.866,Sunday,Dinner,19.35,12,Clear,46.6,No,No,15.0,8,25
0.5605,Saturday,Dinner,18.6,15,Rain,52.6,No,No,20.0,9,0
0.9481,Wednesday,Lunch,13.71,28,Clear,59.0,Yes,No,14.0,6,30
0.8172,Friday,Lunch,12.93,33,Clear,83.9,Yes,No,12.0,7,0
0.3033,Monday,Dinner,20.68,44,Rain,62.1,No,No,14.0,8,15
0.3079,Thursday,Lunch,13.74,5,Rain,52.8,No,No,5.0,5,20
0.8225,Thursday,Dinner,20.21,1,Cloudy,43.5,No,No,13.0,7,25
0.5778,Monday,Lunch,9.94,8,Rain,56.9,No,No,12.0,5,30
0.5301,Sunday,Lunch,12.67,3,Clear,56.5,No,No,13.0,8,0
0.5616,Thursday,Lunch,11.36,4,Clear,37.6,No,No,9.0,5,0
0.594,Wednesday,Lunch,13.37,23,Cloudy,63.9,Yes,No,8.0,5,0
0.5795,Wednesday,Lunch,11.41,50,Rain,37.8,No,No,12.0,6,25
0.9551,Friday,Lunch,13.83,28,Cloudy,75.6,Yes,No,11.0,7,30
0.9057,Friday,Dinner,19.77,18,,72.3,Yes,Yes,17.0,7,0
0.5874,Friday,Dinner,18.64,14,Cloudy,70.6,No,No,14.0,7,0
0.9195,Saturday,Dinner,18.84,25,Cloudy,88.2,Yes,No,26.0,8,0
0.9643,Saturday,Dinner,19.14,50,Clear,43.5,No,Yes,52.0,10,10
0.4772,Saturday,Lunch,13.03,2,Rain,52.3,No,No,17.0,7,0
0.5165,Saturday,Dinner,20.18,40,Clear,60.0,No,No,20.0,9,0
0.9633,Saturday,Dinner,18.88,27,Clear,82.3,Yes,No,22.0,10,0
0.8096,Wednesday,Dinner,20.63,42,Clear,49.0,No,Yes,32.0,9,15
0.7639,Saturday,Lunch,14.01,16,,62.9,No,No,11.0,7,30
0.389,Tuesday,Lunch,12.96,20,Clear,61.2,No,No,15.0,6,0
0.6104,Monday,Lunch,12.09,5,Cloudy,51.2,Yes,No,14.0,7,5
0.4249,Wednesday,Lunch,11.29,1,Cloudy,51.1,No,No,9.0,5,15
0.9156,Saturday,Dinner,19.52,27,Rain,99.9,Yes,Yes,37.0,10,10
0.7783,Sunday,Dinner,18.21,17,Cloudy,65.2,No,No,21.0,10,0
0.2727,Wednesday,Lunch,13.0,27,Rain,75.2,No,No,9.0,5,0
0.8258,Wednesday,Lunch,13.56,41,Clear,61.1,No,No,14.0,6,30
0.6036,Thursday,Dinner,17.56,20,Rain,70.0,No,No,21.0,7,25
0.6281,Saturday,Brunch,10.41,40,Cloudy,66.1,No,Yes,24.0,7,0
0.4015,Saturday,Lunch,13.86,14,Rain,65.2,No,Yes,23.0,7,0
0.7396,Wednesday,Dinner,18.62,29,Clear,61.9,No,No,5.0,7,5
0.5443,Sunday,Dinner,18.32,18,Cloudy,66.2,No,No,14.0,9,0
0.6309,Sunday,Lunch,13.26,52,Clear,57.5,No,Yes,23.0,6,0
0.9627,Sunday,Brunch,10.52,21,Clear,70.4,Yes,No,,7,25
0.8113,Saturday,Brunch,10.11,37,Cloudy,71.1,Yes,No,13.0,5,0
0.8242,Tuesday,Dinner,16.8,45,Clear,51.4,No,Yes,32.0,8,25
0.6495,Monday,Dinner,19.78,29,Heat,89.3,No,Yes,19.0,8,15
0.5392,Sunday,Lunch,14.06,21,Clear,58.8,No,No,13.0,7,0
0.2733,Friday,Lunch,12.93,24,Cloudy,71.7,No,No,,5,0
0.9219,Thursday,Dinner,20.08,42,Clear,64.4,Yes,No,19.0,7,15
0.4991,Wednesday,Lunch,12.12,7,Clear,53.2,No,No,13.0,5,0
0.7663,Tuesday,Dinner,19.38,20,Cloudy,80.7,Yes,No,13.0,6,0
0.4725,Thursday,Dinner,20.67,50,Clear,50.3,No,No,9.0,8,0
0.5762,Tuesday,Dinner,19.84,23,Heat,80.5,No,No,10.0,8,15
0.9322,Sunday,Dinner,19.81,30,Clear,59.5,Yes,No,26.0,9,0
0.9673,Friday,Dinner,19.61,16,Cloudy,71.5,Yes,No,24.0,8,0
0.7967,Sunday,Dinner,17.57,4,Cloudy,47.2,Yes,No,20.0,9,0
0.7223,Tuesday,Dinner,19.59,21,Rain,79.4,Yes,No,15.0,8,0
0.6984,Sunday,Lunch,13.61,20,Clear,70.3,Yes,No,11.0,6,0
0.9619,Wednesday,Dinner,20.47,27,Clear,76.3,Yes,No,17.0,8,15
0.4017,Thursday,Lunch,14.51,28,Rain,76.9,No,Yes,14.0,6,15
0.7775,Thursday,Dinner,18.74,9,Clear,38.2,Yes,No,16.0,8,0
0.9805,Saturday,Dinner,18.4,18,Clear,74.2,Yes,Yes,33.0,8,0
0.4044,Friday,Lunch,11.46,6,Rain,45.1,No,No,5.0,6,15
0.7786,Sunday,Dinner,17.73,52,Cloudy,39.7,Yes,No,26.0,10,0
0.6658,Wednesday,Lunch,10.77,32,Cloudy,80.8,Yes,No,12.0,6,0
0.7892,Sunday,Brunch,10.95,28,Clear,89.2,Yes,No,13.0,6,0
0.8664,Sunday,Lunch,13.56,33,Clear,67.6,Yes,Yes,23.0,8,0
0.8967,Wednesday,Dinner,19.71,48,Cloudy,54.3,No,No,24.0,7,20
0.8451,Tuesday,Dinner,18.46,5,Rain,48.3,No,No,20.0,9,30
0.7061,Wednesday,Lunch,13.4,30,Heat,76.7,No,No,18.0,6,25
0.8985,Saturday,Dinner,17.44,21,Clear,75.6,Yes,No,18.0,7,0
0.8632,Wednesday,Dinner,18.91,48,Clear,55.7,Yes,No,15.0,7,10
0.5135,Friday,Lunch,12.71,18,Cloudy,74.6,No,No,13.0,6,0
0.3141,Monday,Dinner,21.09,25,Heat,81.8,No,No,18.0,6,0
0.5169,Tuesday,Dinner,19.38,33,Cloudy,78.2,No,No,,8,0
0.8453,Friday,Lunch,12.63,35,Cloudy,76.9,Yes,Yes,15.0,6,0
0.8847,Wednesday,Lunch,12.03,21,Clear,77.2,Yes,No,8.0,6,30
0.878,Sunday,Dinner,18.65,20,Cloudy,73.7,Yes,No,18.0,8,0
0.6723,Wednesday,Lunch,13.46,24,Cloudy,85.1,Yes,No,8.0,7,0
0.7493,Wednesday,Dinner,20.42,5,Clear,45.5,No,No,20.0,9,0
0.909,Saturday,Lunch,12.48,3,Clear,49.1,No,Yes,30.0,8,20
0.8357,Friday,Dinner,16.85,19,Clear,73.6,Yes,No,7.0,5,0
0.6387,Thursday,Dinner,19.29,27,Heat,92.2,Yes,No,10.0,9,0
0.9396,Saturday,Lunch,13.48,26,Clear,74.1,Yes,No,13.0,6,25
0.8982,Wednesday,Dinner,19.85,1,Clear,45.8,No,Yes,17.0,7,10
0.8868,Wednesday,Dinner,20.66,28,Clear,75.2,Yes,No,16.0,7,0
0.7251,Wednesday,Lunch,12.52,39,Clear,70.8,Yes,No,12.0,6,0
0.5068,Friday,Lunch,12.43,18,Cloudy,59.4,No,No,10.0,4,0
0.7767,Sunday,Dinner,18.16,43,Cloudy,59.5,Yes,No,24.0,8,10
0.877,Friday,Dinner,19.94,9,Clear,38.8,No,Yes,32.0,8,0
0.5071,Sunday,Lunch,10.45,1,Clear,37.3,No,No,14.0,8,0
0.981,Friday,Dinner,18.85,27,Clear,80.2,Yes,Yes,19.0,9,15
0.7116,Friday,Dinner,17.23,10,Clear,64.8,No,No,13.0,7,5
0.8605,Wednesday,Dinner,20.54,13,Clear,68.3,Yes,Yes,29.0,10,0
0.8274,Sunday,Dinner,18.73,35,Clear,76.0,Yes,No,17.0,10,0
0.9733,Thursday,Dinner,20.03,41,Cloudy,70.5,Yes,No,20.0,9,25
0.9101,Wednesday,Dinner,19.26,22,Clear,80.7,No,No,14.0,7,30
0.7166,Saturday,Lunch,13.32,20,Rain,78.8,Yes,No,17.0,6,0
0.7706,Sunday,Lunch,13.41,10,Clear,45.7,Yes,No,14.0,6,0
0.2252,Tuesday,Lunch,12.41,51,Rain,39.5,No,No,11.0,5,0
0.9346,Friday,Dinner,17.82,46,Cloudy,65.3,Yes,Yes,24.0,8,5
0.4084,Wednesday,Lunch,12.81,33,Heat,76.4,Yes,No,11.0,5,0
0.7853,Saturday,Lunch,12.38,17,Clear,52.9,Yes,No,12.0,6,0
0.9012,Friday,Dinner,20.18,37,Clear,61.1,Yes,No,15.0,9,0
0.7891,Friday,Lunch,13.56,18,Cloudy,63.6,Yes,Yes,14.0,7,0
0.99,Saturday,Dinner,18.52,28,Clear,81.5,Yes,No,22.0,9,0
0.8895,Monday,Lunch,13.82,26,Clear,72.0,Yes,No,8.0,7,30
0.7589,Monday,Dinner,19.16,33,Cloudy,68.2,No,No,14.0,7,5
0.7328,Saturday,Lunch,14.94,3,Clear,48.5,No,No,13.0,5,20
0.9133,Friday,Dinner,19.27,22,Clear,67.6,No,No,18.0,10,10
0.9104,Saturday,Lunch,12.99,15,Cloudy,53.9,No,No,19.0,7,25
0.2521,Wednesday,Dinner,16.65,41,Rain,66.8,No,No,9.0,9,0
0.7047,Sunday,Brunch,11.2,12,Clear,51.9,Yes,No,10.0,7,0
0.861,Friday,Dinner,19.45,7,Clear,52.3,Yes,No,11.0,7,0
0.5964,Friday,Lunch,13.93,23,Cloudy,80.6,Yes,No,6.0,4,0
0.6863,Sunday,Dinner,18.42,1,Cloudy,49.2,No,No,27.0,10,0
0.9644,Friday,Dinner,18.56,22,Clear,73.1,Yes,No,15.0,8,30
0.8519,Tuesday,Dinner,18.61,46,Cloudy,51.1,No,No,13.0,8,25
0.4606,Tuesday,Lunch,13.38,47,Rain,41.7,Yes,No,14.0,6,20
0.7067,Tuesday,Lunch,13.49,14,Clear,56.2,Yes,No,14.0,7,0
0.7458,Thursday,Lunch,12.82,12,Cloudy,52.9,No,No,6.0,5,20
0.9142,Tuesday,Dinner,20.1,19,Cloudy,66.7,Yes,No,28.0,9,20
0.6967,Wednesday,Dinner,18.47,44,Rain,53.9,No,No,16.0,7,25
0.6333,Monday,Dinner,19.32,38,Cloudy,61.8,No,No,17.0,8,0
0.9591,Saturday,Lunch,12.74,36,Clear,63.9,Yes,Yes,18.0,8,0
0.7442,Thursday,Dinner,18.81,35,Cloudy,87.8,Yes,No,22.0,7,0
0.7206,Thursday,Dinner,19.08,15,Clear,68.3,No,No,12.0,9,10
0.7275,Tuesday,Dinner,18.36,12,Rain,53.7,Yes,No,18.0,9,15
0.7121,Friday,Lunch,13.06,48,Clear,58.4,No,No,14.0,6,0
0.3545,Friday,Lunch,12.3,51,Rain,56.3,No,No,14.0,6,0
0.9893,Friday,Dinner,18.49,51,Cloudy,52.8,Yes,Yes,33.0,10,15
0.8311,Monday,Dinner,20.94,29,Clear,85.0,Yes,Yes,24.0,8,0
0.8436,Friday,Dinner,20.68,4,Rain,45.2,No,No,18.0,8,25
0.3243,Wednesday,Lunch,12.94,51,Rain,35.0,No,No,14.0,6,10
0.8422,Saturday,Lunch,14.11,17,Cloudy,51.5,Yes,No,22.0,7,10
0.8157,Thursday,Lunch,12.97,43,Clear,65.2,Yes,No,9.0,5,0
0.8024,Saturday,Dinner,19.44,9,Rain,42.7,No,Yes,28.0,8,0
0.9096,Wednesday,Dinner,19.77,14,Clear,57.2,Yes,No,13.0,8,0
0.5118,Saturday,Lunch,13.69,20,Rain,86.5,Yes,No,16.0,6,0
0.7566,Sunday,Lunch,12.3,33,Clear,78.9,Yes,No,12.0,7,0
0.282,Saturday,Brunch,9.91,2,,41.1,No,No,12.0,6,10
0.6857,Wednesday,Dinner,19.52,11,Cloudy,46.1,No,No,25.0,9,0
0.6471,Monday,Dinner,19.18,47,Rain,45.5,Yes,No,16.0,8,5
0.7205,Saturday,Dinner,18.46,43,Rain,53.5,No,Yes,42.0,11,0
0.2138,Monday,Lunch,11.6,13,Cloudy,59.1,No,No,14.0,6,0
0.8011,Sunday,Brunch,11.85,14,Clear,67.3,Yes,No,10.0,7,0
0.368,Saturday,Lunch,12.99,36,Rain,56.9,No,No,12.0,8,0
0.9287,Wednesday,Dinner,20.2,13,Cloudy,73.1,Yes,No,17.0,7,30
0.6869,Tuesday,Dinner,18.42,50,Cloudy,49.5,Yes,No,13.0,8,0
0.2965,Wednesday,Dinner,19.61,40,Rain,70.0,No,No,10.0,7,15
0.8857,Wednesday,Dinner,18.9,23,Cloudy,74.6,Yes,No,14.0,8,0
0.7666,Sunday,Dinner,18.7,7,Cloudy,42.9,No,No,26.0,8,10
0.6599,Friday,Dinner,19.99,1,Cloudy,44.1,No,No,19.0,9,0
0.4404,Saturday,Lunch,12.12,41,Rain,62.4,No,No,12.0,7,10
0.961,Saturday,Dinner,19.75,38,Clear,67.7,Yes,No,14.0,9,5
0.6991,Sunday,Lunch,13.05,36,Clear,69.7,No,No,12.0,7,20
0.4593,Saturday,Dinner,19.27,6,Rain,51.1,No,No,21.0,9,0
0.6704,Sunday,Brunch,12.0,25,Clear,73.1,No,No,7.0,5,20
0.86,Saturday,Dinner,18.81,47,Clear,43.3,No,No,19.0,9,0
0.5711,Wednesday,Lunch,13.16,39,Clear,73.8,Yes,No,6.0,6,0
0.6614,Tuesday,Lunch,10.94,44,Clear,67.2,No,No,10.0,5,10
0.5456,Friday,Lunch,13.13,36,Heat,76.3,No,No,11.0,6,10
0.5393,Thursday,Lunch,12.26,35,Cloudy,72.3,Yes,No,10.0,5,0
0.8596,Tuesday,Dinner,20.19,49,Clear,53.0,No,No,18.0,8,25
0.6903,Tuesday,Dinner,19.67,43,Cloudy,69.7,No,Yes,26.0,9,5
0.7373,Friday,Lunch,13.12,24,Cloudy,71.9,Yes,No,9.0,6,0
0.6662,Saturday,Dinner,19.16,25,Rain,86.9,No,No,13.0,9,15
0.9723,Thursday,Dinner,19.26,15,Clear,56.3,Yes,No,11.0,6,15
0.3612,Friday,Lunch,14.24,22,Cloudy,81.2,No,No,10.0,6,0
0.7745,Sunday,Dinner,20.47,11,Cloudy,47.0,No,No,,8,15
0.2105,Sunday,Brunch,9.66,48,Rain,53.8,No,No,13.0,5,0
0.986,Friday,Dinner,18.26,32,Clear,87.4,Yes,No,10.0,6,20
0.9722,Tuesday,Dinner,19.46,21,Clear,78.3,Yes,Yes,34.0,10,0
0.7857,Saturday,Lunch,12.01,43,Clear,62.9,Yes,No,11.0,7,0
0.472,Saturday,Brunch,11.28,5,Cloudy,42.2,No,No,12.0,6,0
0.8881,Sunday,Dinner,19.56,43,Clear,60.1,No,Yes,46.0,11,0
0.8782,Monday,Dinner,19.79,22,Cloudy,83.4,Yes,Yes,24.0,9,5
0.6059,Wednesday,Lunch,12.87,40,Cloudy,72.6,Yes,No,11.0,6,0
0.7082,Thursday,Lunch,12.47,4,Cloudy,55.0,Yes,No,11.0,6,0
0.5908,Wednesday,Dinner,20.56,15,Rain,69.7,Yes,No,7.0,8,0
0.7999,Wednesday,Dinner,20.32,40,Clear,64.3,Yes,No,17.0,8,0
0.6962,Wednesday,Lunch,11.43,4,Clear,47.5,No,No,7.0,6,15
0.8528,Thursday,Dinner,19.34,46,Clear,56.2,Yes,No,16.0,7,0
0.3411,Saturday,Brunch,11.83,3,Rain,50.5,No,No,22.0,7,5
0.9891,Saturday,Dinner,18.81,26,Clear,81.0,Yes,Yes,29.0,9,0
0.6804,Wednesday,Lunch,10.7,2,Clear,35.0,No,Yes,16.0,6,0
0.5821,Sunday,Dinner,20.46,50,Cloudy,56.2,No,No,19.0,9,0
0.18,Wednesday,Lunch,12.85,49,Rain,57.0,No,No,6.0,5,0
0.6187,Saturday,Lunch,13.19,52,Cloudy,44.1,No,No,16.0,6,0
0.326,Sunday,Lunch,12.39,35,Cloudy,75.4,No,No,5.0,6,0
0.976,Thursday,Dinner,19.07,12,Clear,63.9,Yes,Yes,27.0,9,0
0.6883,Thursday,Lunch,11.3,21,Clear,67.3,Yes,No,10.0,4,0
0.3917,Thursday,Lunch,12.56,11,Clear,62.1,No,No,7.0,6,0
0.5771,Wednesday,Lunch,11.3,36,Cloudy,76.5,No,Yes,20.0,7,0
0.8958,Sunday,Lunch,12.38,24,Clear,73.4,Yes,No,13.0,6,10
0.2725,Monday,Lunch,13.05,31,Cloudy,77.2,No,No,7.0,6,0
0.6622,Friday,Lunch,12.35,49,Cloudy,45.7,Yes,No,9.0,5,0
0.9139,Friday,Lunch,12.05,33,Cloudy,86.9,Yes,No,15.0,5,30
0.829,Monday,Dinner,17.4,21,Clear,57.0,Yes,No,15.0,9,15
0.8047,Wednesday,Lunch,13.33,42,Clear,59.9,No,No,13.0,5,30
0.8703,Monday,Lunch,11.76,45,Cloudy,52.6,Yes,No,13.0,6,25
0.733,Friday,Dinner,19.21,11,Clear,57.1,No,No,15.0,8,0
0.8023,Saturday,Dinner,18.49,15,Clear,66.5,No,No,15.0,9,0
0.2252,Monday,Lunch,13.86,39,Cloudy,73.4,No,No,9.0,5,0
0.8128,Thursday,Dinner,19.81,6,Clear,44.2,No,No,19.0,7,5
0.8946,Sunday,Lunch,12.55,44,Rain,75.4,Yes,No,20.0,7,30
0.9333,Saturday,Lunch,14.01,18,Clear,51.1,Yes,No,10.0,5,25
0.8963,Wednesday,Lunch,13.41,28,Clear,84.1,Yes,No,8.0,6,15
0.6775,Thursday,Dinner,17.87,11,Clear,50.8,No,No,24.0,8,0
0.8144,Saturday,Lunch,12.35,27,Clear,84.7,Yes,No,8.0,7,0
0.9703,Saturday,Brunch,10.27,19,Clear,83.5,Yes,No,11.0,6,30
0.5737,Sunday,Dinner,18.72,9,Rain,46.5,No,No,23.0,8,0
0.5819,Wednesday,Lunch,13.06,30,Clear,74.6,Yes,No,3.0,5,0
0.562,Tuesday,Dinner,19.45,45,Clear,51.7,No,No,8.0,6,0
0.6724,Sunday,Dinner,20.59,12,Clear,45.4,No,No,27.0,10,0
0.9268,Monday,Lunch,13.21,21,Clear,70.6,Yes,No,16.0,6,0
0.602,Saturday,Dinner,17.41,44,Rain,66.3,No,Yes,38.0,10,0
0.7138,Saturday,Dinner,17.95,20,Rain,77.4,Yes,No,14.0,7,0
0.9879,Saturday,Lunch,12.42,16,Clear,72.5,Yes,Yes,23.0,6,5
0.9219,Thursday,Dinner,19.79,34,Cloudy,73.1,Yes,No,11.0,8,25
0.9723,Wednesday,Lunch,13.8,29,Clear,89.5,Yes,Yes,17.0,7,25
0.1581,Thursday,Lunch,13.16,10,Rain,60.3,No,No,12.0,6,0
0.8789,Monday,Dinner,19.34,31,Clear,74.8,Yes,No,11.0,8,0
0.4561,Saturday,Lunch,13.1,6,Rain,53.7,No,No,15.0,6,10
0.8072,Tuesday,Lunch,11.94,20,Clear,69.2,Yes,No,13.0,5,0
0.6614,Tuesday,Lunch,13.31,18,Clear,71.1,Yes,No,12.0,7,0
0.5506,Thursday,Dinner,19.68,7,Rain,48.8,No,No,23.0,8,0
0.8926,Friday,Dinner,16.83,32,Clear,69.6,Yes,Yes,24.0,9,0
0.3954,Wednesday,Dinner,17.86,41,Cloudy,54.1,No,No,11.0,10,0
0.767,Wednesday,Dinner,20.34,33,Cloudy,88.9,Yes,Yes,18.0,8,0
0.7864,Sunday,Lunch,13.12,3,Clear,50.5,Yes,No,22.0,8,0
0.9643,Friday,Dinner,21.46,11,Cloudy,61.9,Yes,Yes,34.0,9,20
0.9854,Saturday,Dinner,18.69,12,Cloudy,56.4,Yes,No,,7,30
0.5828,Saturday,Lunch,13.19,1,Cloudy,43.9,Yes,No,18.0,6,0
0.99,Friday,Dinner,18.87,12,Clear,66.3,Yes,Yes,20.0,8,0
0.8905,Friday,Lunch,12.63,25,Clear,69.6,Yes,No,11.0,6,0
0.5373,Thursday,Dinner,20.33,51,Clear,53.5,No,No,22.0,7,0
0.6644,Wednesday,Lunch,13.36,32,Clear,64.8,No,No,5.0,5,20
0.0683,Monday,Lunch,13.73,19,Rain,59.5,No,No,11.0,6,0
0.4366,Sunday,Brunch,12.08,38,Cloudy,65.0,No,No,11.0,6,0
0.9445,Wednesday,Dinner,20.02,21,Clear,68.2,Yes,No,17.0,9,0
0.9335,Tuesday,Dinner,18.66,40,Clear,69.1,Yes,No,13.0,8,10
0.6862,Wednesday,Lunch,12.72,13,Clear,68.9,No,No,16.0,7,20
0.8242,Sunday,Dinner,20.66,14,Clear,68.4,Yes,No,16.0,10,0
0.8821,Thursday,Dinner,17.9,44,Clear,57.6,Yes,No,17.0,8,5
0.6644,Monday,Lunch,11.94,35,Clear,88.8,Yes,No,12.0,5,0
0.2815,Sunday,Brunch,10.89,26,Heat,97.5,Yes,No,11.0,7,0
0.8676,Sunday,Dinner,20.08,25,Clear,79.5,Yes,No,14.0,9,0
0.9087,Saturday,Dinner,18.13,44,Cloudy,50.1,No,No,26.0,9,30
0.9717,Friday,Lunch,12.63,16,Clear,67.9,Yes,Yes,12.0,6,30
0.7723,Thursday,Dinner,19.23,44,Rain,45.3,No,No,22.0,8,30
0.876,Thursday,Lunch,13.16,37,Clear,77.4,Yes,No,9.0,7,0
0.7032,Saturday,Lunch,11.72,45,Clear,49.8,No,No,22.0,7,0
0.4931,Wednesday,Dinner,20.54,40,Cloudy,72.7,No,No,23.0,8,0
0.9248,Sunday,Brunch,10.71,28,Clear,82.3,Yes,No,9.0,6,30
0.6787,Wednesday,Lunch,14.15,18,Cloudy,67.0,Yes,No,11.0,7,0
0.6166,Wednesday,Dinner,19.74,19,,67.3,Yes,No,19.0,7,0
0.7964,Friday,Lunch,11.08,11,Clear,65.8,Yes,No,13.0,7,0
0.99,Sunday,Brunch,12.37,18,Clear,69.1,Yes,No,14.0,6,25
0.9795,Saturday,Lunch,12.24,28,Clear,82.2,Yes,Yes,25.0,7,15
0.7115,Saturday,Dinner,20.18,48,Cloudy,56.0,No,No,29.0,10,0
0.9133,Wednesday,Dinner,19.33,22,Clear,77.1,Yes,Yes,22.0,8,15
0.7893,Monday,Lunch,12.34,36,Clear,64.4,No,No,8.0,6,25
0.7366,Saturday,Dinner,20.59,35,Cloudy,74.4,No,Yes,31.0,8,0
0.6538,Sunday,Brunch,12.23,1,Cloudy,36.1,Yes,No,15.0,8,0
0.6893,Tuesday,Dinner,19.23,2,Rain,35.0,No,Yes,34.0,8,0
0.8809,Saturday,Lunch,12.73,41,Clear,48.3,No,Yes,27.0,8,15
0.5121,Wednesday,Lunch,12.07,48,Cloudy,57.8,Yes,No,10.0,5,0
0.84,Sunday,Brunch,10.25,47,Clear,61.9,Yes,No,22.0,8,0
0.2846,Monday,Lunch,11.98,48,Cloudy,46.2,No,No,7.0,5,0
0.4712,Tuesday,Dinner,20.52,41,Rain,60.6,Yes,No,11.0,9,0
0.9003,Friday,Lunch,11.89,1,Cloudy,55.4,Yes,No,11.0,7,25
0.2123,Monday,Lunch,11.37,49,Rain,43.6,No,No,17.0,6,0
0.3564,Sunday,Dinner,15.58,50,Cloudy,52.8,No,No,23.0,7,0
0.9786,Friday,Lunch,12.59,19,Clear,69.2,Yes,No,6.0,6,30
0.7675,Tuesday,Lunch,13.17,47,Clear,50.8,No,Yes,21.0,7,10
0.8097,Wednesday,Lunch,12.17,52,Clear,55.1,No,No,11.0,5,25
0.9702,Saturday,Brunch,10.88,27,Cloudy,96.2,Yes,No,15.0,7,30
0.9618,Thursday,Dinner,19.2,20,Clear,59.7,Yes,No,14.0,8,15
0.287,Monday,Lunch,13.11,47,Rain,52.7,No,No,13.0,6,15
0.7098,Tuesday,Lunch,13.21,30,Clear,79.7,Yes,No,7.0,5,0
0.783,Tuesday,Lunch,11.52,15,Clear,55.4,Yes,No,19.0,7,0
0.4987,Friday,Lunch,14.06,43,Cloudy,56.5,Yes,No,7.0,5,0
0.9317,Thursday,Dinner,18.31,52,Cloudy,37.4,No,Yes,27.0,9,15
0.4879,Friday,Lunch,12.01,44,Clear,60.9,No,No,7.0,7,0
0.8336,Saturday,Lunch,12.07,23,Cloudy,72.8,Yes,Yes,22.0,7,0
0.3411,Thursday,Lunch,12.76,13,Cloudy,56.3,No,No,4.0,5,0
0.8481,Thursday,Dinner,18.88,34,Cloudy,83.7,Yes,No,10.0,7,0
0.8946,Sunday,Lunch,10.3,22,Cloudy,75.8,Yes,No,13.0,6,10
0.8385,Tuesday,Dinner,18.98,8,Clear,38.5,No,No,14.0,9,20
0.2735,Friday,Lunch,11.22,7,Rain,41.1,No,No,7.0,5,0
0.7445,Saturday,Dinner,21.45,45,Cloudy,50.7,No,Yes,31.0,10,0
0.7919,Saturday,Dinner,18.19,4,Clear,51.0,No,No,22.0,9,0
0.5183,Monday,Lunch,12.87,11,Clear,48.5,No,No,8.0,6,0
0.6563,Friday,Lunch,12.16,30,Cloudy,77.9,Yes,No,7.0,6,0
0.9355,Monday,Dinner,18.46,13,Clear,64.7,Yes,No,14.0,10,30
0.7899,Saturday,Lunch,13.18,37,Clear,76.6,No,Yes,23.0,7,0
0.8084,Thursday,Dinner,21.39,10,Clear,57.3,No,No,17.0,8,15
0.8722,Friday,Dinner,19.63,28,Clear,69.7,Yes,No,15.0,8,0
0.6634,Thursday,Dinner,19.11,13,Cloudy,57.6,Yes,No,13.0,7,0
0.5593,Thursday,Lunch,12.41,4,Rain,47.4,No,No,6.0,5,15
0.7487,Saturday,Brunch,9.64,6,Rain,39.6,No,No,19.0,7,25
0.7347,Thursday,Dinner,18.61,44,Clear,48.1,No,No,15.0,7,0
0.7818,Saturday,Dinner,19.54,11,Rain,63.8,Yes,Yes,30.0,9,0
0.9005,Friday,Lunch,12.28,5,Clear,51.7,No,No,11.0,5,30
0.8794,Saturday,Lunch,12.42,16,Clear,60.5,Yes,No,9.0,5,0
0.9254,Monday,Lunch,12.39,37,Clear,77.4,Yes,No,5.0,5,20
0.9548,Friday,Dinner,19.8,25,Clear,95.0,Yes,Yes,25.0,9,0
0.4102,Wednesday,Dinner,17.64,15,Cloudy,48.3,No,No,11.0,8,0
0.5368,Sunday,Lunch,13.39,2,Clear,60.4,No,No,14.0,7,0
0.8581,Sunday,Dinner,18.12,25,Clear,73.0,Yes,No,24.0,8,0
0.6999,Wednesday,Dinner,17.78,15,Clear,53.5,No,Yes,24.0,7,0
0.3624,Sunday,Dinner,18.6,49,Rain,55.0,No,No,19.0,9,0
0.9058,Friday,Lunch,12.91,49,Clear,47.7,No,No,7.0,5,25
0.8361,Friday,Dinner,17.15,22,Cloudy,71.4,Yes,No,11.0,8,0
0.7416,Monday,Dinner,19.32,11,Rain,59.9,No,No,24.0,8,20
0.8279,Thursday,Dinner,19.34,10,Clear,53.0,Yes,No,14.0,8,0
0.6601,Sunday,Brunch,11.61,40,Cloudy,56.5,Yes,No,15.0,7,0
0.5504,Tuesday,Dinner,18.89,10,Rain,56.1,No,Yes,34.0,8,0
0.8292,Friday,Dinner,19.2,27,Heat,90.7,Yes,No,23.0,8,0
0.4755,Wednesday,Lunch,12.87,43,Cloudy,61.9,Yes,No,5.0,5,0
0.944,Friday,Dinner,16.7,16,Cloudy,74.7,No,Yes,28.0,8,15
0.8294,Sunday,Dinner,20.14,21,Clear,57.9,Yes,No,17.0,9,0
0.8233,Monday,Dinner,19.03,40,Cloudy,70.6,Yes,No,15.0,8,0
0.3384,Monday,Lunch,12.66,47,Rain,45.0,No,No,7.0,7,25
0.4166,Thursday,Dinner,19.24,5,Rain,37.0,No,No,17.0,7,0
0.69,Wednesday,Dinner,18.56,14,Cloudy,58.3,Yes,No,7.0,7,0
0.7187,Sunday,Lunch,12.52,16,Cloudy,55.8,No,No,4.0,7,25
0.4652,Wednesday,Lunch,13.71,43,Clear,59.7,No,No,16.0,7,0
0.8564,Friday,Dinner,18.29,43,Clear,46.3,No,Yes,26.0,8,0
0.9227,Saturday,Brunch,12.52,9,Clear,59.6,Yes,No,11.0,6,20
0.7521,Saturday,Dinner,17.85,12,Rain,66.0,No,Yes,30.0,10,0
0.7519,Saturday,Dinner,18.69,1,Cloudy,41.3,No,No,22.0,9,5
0.9187,Thursday,Dinner,18.94,51,Cloudy,55.8,No,No,17.0,9,20
0.2422,Thursday,Lunch,13.1,48,Rain,51.1,No,No,13.0,7,0
0.7829,Thursday,Lunch,13.12,43,Clear,64.8,Yes,Yes,22.0,5,0
0.7709,Saturday,Lunch,13.47,9,Rain,57.4,No,Yes,28.0,7,15
0.9582,Sunday,Dinner,20.23,10,Clear,43.5,No,No,25.0,9,30
0.575,Wednesday,Lunch,13.01,31,Cloudy,81.7,Yes,No,10.0,5,0
0.5387,Saturday,Dinner,20.12,9,Rain,51.5,No,No,20.0,9,0
0.7708,Saturday,Lunch,12.29,27,Heat,92.7,Yes,Yes,19.0,8,0
0.983,Saturday,Dinner,20.04,30,Cloudy,78.1,Yes,No,20.0,9,25
0.4737,Wednesday,Lunch,13.09,9,Clear,46.4,No,No,11.0,5,0
0.3846,Friday,Lunch,12.46,52,Cloudy,44.9,No,No,10.0,4,0
0.3211,Friday,Lunch,12.92,34,Heat,76.2,No,No,5.0,5,0
0.6948,Sunday,Lunch,11.65,50,Clear,46.2,No,No,17.0,6,15
0.6489,Tuesday,Lunch,13.33,17,Cloudy,62.0,Yes,No,13.0,7,0
0.9418,Friday,Lunch,12.55,19,Clear,76.6,Yes,No,15.0,6,0
0.6428,Saturday,Dinner,17.71,45,Clear,50.6,No,No,27.0,8,0
0.8125,Tuesday,Dinner,18.16,38,Cloudy,65.9,No,Yes,25.0,9,0
0.6716,Friday,Dinner,18.04,50,Cloudy,36.2,No,No,16.0,8,0
0.9243,Saturday,Dinner,18.56,9,Rain,46.8,No,No,25.0,9,30
0.6641,Saturday,Dinner,20.57,5,Clear,46.2,No,No,19.0,9,0
0.3685,Saturday,Brunch,10.59,11,Rain,50.4,No,No,17.0,8,0
0.3584,Saturday,Lunch,12.43,44,Rain,65.3,No,No,14.0,7,0
0.7947,Wednesday,Lunch,12.21,2,Cloudy,50.8,No,No,,5,25
0.5336,Tuesday,Dinner,20.6,47,Rain,65.5,No,Yes,30.0,9,10
0.681,Tuesday,Dinner,18.82,5,Cloudy,47.3,No,Yes,17.0,7,0
0.7611,Tuesday,Dinner,18.62,27,Cloudy,74.0,Yes,No,9.0,6,0
0.7175,Tuesday,Lunch,14.54,29,Clear,73.9,Yes,No,11.0,5,0
0.7244,Thursday,Lunch,13.07,25,Heat,92.4,Yes,No,9.0,7,20
0.7834,Saturday,Lunch,11.59,9,Clear,51.8,No,Yes,24.0,6,0
0.9256,Thursday,Dinner,19.51,30,Clear,78.5,Yes,No,22.0,7,0
0.9669,Thursday,Dinner,20.05,39,Cloudy,61.6,Yes,No,14.0,7,30
0.801,Tuesday,Dinner,19.32,51,Rain,38.7,No,Yes,36.0,10,20
0.8247,Sunday,Brunch,10.42,13,Clear,57.7,Yes,No,10.0,6,10
0.9337,Sunday,Dinner,18.79,37,Clear,71.0,Yes,No,23.0,9,0
0.4385,Tuesday,Lunch,12.14,6,Cloudy,39.4,No,No,11.0,7,0
0.9015,Saturday,Dinner,20.41,12,Rain,47.3,No,Yes,30.0,9,25
0.8778,Saturday,Dinner,19.21,29,Heat,84.8,No,Yes,36.0,10,0
0.7451,Tuesday,Dinner,18.3,16,Cloudy,60.9,Yes,No,22.0,7,0
0.8724,Friday,Lunch,12.84,1,Clear,44.4,No,No,12.0,6,20
0.9468,Friday,Lunch,11.7,40,Clear,79.1,Yes,No,13.0,5,30
0.8781,Thursday,Dinner,17.97,28,Cloudy,66.6,Yes,Yes,18.0,7,15
0.3992,Thursday,Lunch,13.05,45,Rain,39.6,No,Yes,15.0,5,0
0.8461,Saturday,Brunch,11.21,41,Cloudy,54.2,Yes,Yes,15.0,6,0
0.8079,Thursday,Lunch,12.58,14,Clear,66.3,Yes,No,10.0,6,0
0.386,Thursday,Lunch,12.23,35,Rain,70.9,Yes,No,6.0,6,0
0.7412,Friday,Lunch,12.49,20,Cloudy,83.4,Yes,No,13.0,5,0
0.3631,Tuesday,Lunch,13.09,45,Clear,36.1,No,No,18.0,7,0
0.7657,Wednesday,Lunch,13.4,8,Clear,59.0,Yes,No,9.0,5,0
0.8495,Friday,Lunch,13.01,26,Clear,90.5,Yes,No,10.0,6,15
0.4295,Wednesday,Lunch,13.17,10,Cloudy,50.9,No,No,11.0,6,0
0.9062,Saturday,Dinner,21.14,32,Clear,81.7,Yes,No,22.0,8,0
0.7079,Wednesday,Dinner,19.33,28,Cloudy,71.2,No,No,20.0,7,0
0.7214,Saturday,Brunch,9.5,19,Clear,77.9,Yes,No,9.0,5,0
0.864,Monday,Dinner,19.17,7,Clear,50.1,No,No,14.0,8,20
0.2232,Tuesday,Lunch,13.62,33,Cloudy,65.6,No,No,4.0,5,0
0.9494,Friday,Dinner,18.91,18,Clear,61.1,Yes,No,20.0,7,0
0.9606,Saturday,Dinner,17.77,8,Cloudy,55.5,Yes,No,28.0,10,20
0.8273,Friday,Lunch,13.16,34,Clear,76.3,Yes,No,12.0,5,0
0.8192,Thursday,Lunch,11.95,52,Cloudy,35.0,No,No,10.0,6,20
0.5347,Thursday,Dinner,17.52,33,Clear,79.0,No,No,15.0,8,0
0.8628,Tuesday,Lunch,12.07,16,Clear,63.8,No,No,18.0,5,30
0.7459,Saturday,Brunch,12.01,19,Cloudy,69.9,No,No,12.0,7,10
0.9549,Sunday,Dinner,18.49,25,Clear,78.4,Yes,No,22.0,10,5
0.2598,Friday,Lunch,11.95,11,Rain,62.5,No,No,8.0,5,0
0.3685,Sunday,Brunch,11.25,10,Cloudy,53.9,No,No,12.0,7,0
0.9359,Wednesday,Lunch,13.37,21,Clear,66.3,Yes,No,8.0,6,30
0.6073,Saturday,Lunch,12.96,1,Clear,39.0,No,No,19.0,6,0
0.6698,Monday,Lunch,12.79,52,Cloudy,51.4,No,No,7.0,4,25
0.7284,Wednesday,Dinner,18.92,34,Heat,86.8,No,Yes,24.0,8,5
0.7752,Thursday,Lunch,13.07,35,Clear,66.2,Yes,No,12.0,6,5
0.9244,Tuesday,Lunch,12.3,26,Clear,69.1,Yes,No,8.0,5,25
0.5644,Wednesday,Lunch,11.98,49,Clear,49.3,No,No,11.0,6,0
0.9202,Friday,Dinner,17.24,36,Clear,80.8,Yes,Yes,20.0,6,5
0.9398,Wednesday,Dinner,18.92,43,Clear,59.3,Yes,No,22.0,8,10
0.161,Thursday,Lunch,13.05,10,Rain,57.0,No,No,11.0,5,0
0.3213,Monday,Lunch,12.63,52,Cloudy,35.0,No,No,14.0,7,0
0.981,Friday,Lunch,11.31,15,Clear,65.4,No,Yes,17.0,6,30
0.9864,Tuesday,Dinner,19.38,25,Clear,78.0,Yes,Yes,30.0,10,10
0.5795,Saturday,Lunch,12.48,3,Clear,43.1,No,No,13.0,6,0
0.9777,Saturday,Dinner,19.26,16,Clear,78.2,Yes,No,15.0,9,0
0.4185,Sunday,Lunch,12.95,1,Rain,41.2,No,No,,8,0
0.8968,Wednesday,Lunch,11.89,51,Clear,51.7,No,No,15.0,5,30
0.4161,Sunday,Lunch,13.82,38,Heat,80.3,Yes,No,8.0,6,0
0.939,Friday,Dinner,17.58,21,Clear,77.7,Yes,Yes,24.0,7,0
0.7931,Sunday,Lunch,12.45,19,Cloudy,70.5,Yes,No,20.0,6,0
0.6889,Wednesday,Lunch,11.8,9,Cloudy,49.8,No,No,9.0,5,30
0.7665,Friday,Lunch,13.33,34,Cloudy,57.9,No,No,9.0,6,25
0.8501,Saturday,Dinner,18.92,46,Rain,52.5,No,Yes,36.0,8,0
0.9276,Wednesday,Lunch,11.32,21,Cloudy,66.3,Yes,Yes,21.0,6,15
0.7456,Sunday,Dinner,19.29,14,Clear,59.3,No,No,22.0,8,0
0.8554,Friday,Lunch,11.38,34,Cloudy,85.8,Yes,No,6.0,4,30
0.5402,Sunday,Brunch,10.77,51,Clear,54.9,No,No,15.0,7,0
0.7635,Monday,Lunch,12.54,14,Clear,60.7,Yes,No,15.0,6,5
0.1993,Tuesday,Lunch,11.17,18,Rain,77.1,No,No,14.0,6,0
0.4433,Wednesday,Lunch,12.74,45,Clear,51.9,No,No,10.0,4,0
0.5852,Tuesday,Lunch,11.02,4,Cloudy,41.1,Yes,No,8.0,5,10
0.6348,Sunday,Brunch,11.31,9,Clear,40.8,No,No,11.0,5,0
0.7096,Sunday,Brunch,10.05,41,Clear,71.7,Yes,No,15.0,8,0
0.4971,Saturday,Brunch,10.75,51,Clear,37.6,No,No,18.0,7,0
0.4949,Monday,Lunch,12.87,35,Rain,69.6,Yes,No,10.0,6,0
0.6342,Friday,Lunch,12.1,12,Cloudy,56.6,Yes,No,14.0,5,0
0.8302,Saturday,Dinner,17.12,18,Rain,56.1,No,No,27.0,9,25
0.8703,Monday,Lunch,12.14,34,Clear,69.2,Yes,No,16.0,6,10
0.1691,Monday,Lunch,12.03,11,Rain,60.9,No,No,7.0,6,0
0.4042,Monday,Dinner,19.02,41,Rain,62.4,No,No,15.0,7,0
0.882,Thursday,Dinner,18.81,16,Cloudy,68.5,No,No,17.0,7,25
0.9684,Sunday,Dinner,19.64,6,Cloudy,50.2,No,No,31.0,8,25
0.7976,Sunday,Dinner,18.96,41,Cloudy,61.0,No,Yes,30.0,9,0
0.7353,Tuesday,Lunch,13.68,45,Cloudy,54.6,No,No,11.0,4,30
0.4875,Thursday,Lunch,13.84,29,Cloudy,88.9,Yes,No,12.0,6,0
0.4742,Saturday,Brunch,9.5,5,Cloudy,38.9,No,No,15.0,7,0
0.8942,Tuesday,Dinner,20.84,11,Clear,58.1,No,Yes,27.0,9,15
0.2013,Tuesday,Lunch,13.38,43,,70.8,No,No,12.0,6,0
0.945,Sunday,Dinner,18.83,15,Cloudy,74.5,Yes,No,21.0,9,0
0.8386,Tuesday,Lunch,13.46,41,Clear,69.7,Yes,No,10.0,5,0
0.8501,Saturday,Lunch,12.23,10,Cloudy,53.1,No,No,16.0,7,20
0.8387,Sunday,Dinner,16.95,3,Clear,49.1,No,Yes,42.0,11,15
0.8894,Sunday,Dinner,21.07,9,Clear,57.2,Yes,No,26.0,9,0
0.6258,Wednesday,Lunch,12.59,5,Clear,35.0,No,No,12.0,4,15
0.6959,Tuesday,Dinner,18.33,41,Cloudy,62.1,Yes,No,13.0,8,10
0.3426,Wednesday,Lunch,13.41,17,Heat,65.8,No,Yes,16.0,7,0
0.8442,Wednesday,Lunch,13.42,24,Clear,83.3,Yes,No,6.0,6,10
0.6533,Tuesday,Dinner,21.54,24,Cloudy,76.9,Yes,No,12.0,8,0
0.8686,Thursday,Dinner,16.19,28,Clear,73.5,Yes,No,15.0,8,0
0.745,Friday,Dinner,19.47,47,Rain,36.2,No,No,25.0,8,0
0.9056,Saturday,Lunch,11.73,13,Clear,65.2,Yes,No,10.0,7,0
