"sale_price","bedrooms","sqft","neighbourhood","school_distance"
261231.16,3,1401.68,"Urban",1.62
339775.55,5,1384.02,"Urban",1.69
278618.64,3,1792.81,"Urban",4.36
327928.51,6,1747.13,"Suburban",1.71
305381.98,7,780.26,"Urban",0.72
253581.65,1,2216.23,"Rural",1.85
295254.98,4,1899.89,"Suburban",4.66
458867.71,6,2766.48,"Suburban",4.39
300538.39,4,2074.08,"Suburban",4.12
295686.19,4,1621.22,"Urban",0.21
443086.57,7,2918.96,"Rural",3.19
348312.78,4,2932.89,"Rural",3.93
279320,5,1312.52,"Urban",3.61
345914.98,4,1987.61,"Suburban",1.01
301789.93,2,1715.5,"Urban",2.95
375825.49,6,1874.82,"Suburban",2.13
280120.11,3,1891.02,"Suburban",1.7
227685.65,1,1295.24,"Urban",2.16
251563.42,3,1914.24,"Rural",1.89
395131.52,7,2499.7,"Suburban",4.37
361596.47,6,1734.36,"Rural",1.44
280411.44,5,1734.83,"Rural",2.03
309348.7,4,2359.43,"Rural",4.47
443241.78,9,2159.36,"Urban",4.13
203277.4,5,1140.6,"Suburban",3.66
384670.03,5,1891.42,"Urban",2.26
365671.08,4,2461.42,"Suburban",2.34
365862.61,4,2366.11,"Urban",2.45
357267.47,3,1967.98,"Urban",0.72
331353.98,2,2088.49,"Urban",1.5
317294.56,7,1321.23,"Urban",3.16
300798.76,6,1920.05,"Rural",3.47
336278.16,5,1418.22,"Suburban",0.87
297931.7,5,1616.79,"Urban",4.02
332491.79,1,2174.24,"Suburban",1.07
287536.6,4,1345.24,"Urban",2.74
328145.24,5,1906.77,"Urban",4.9
315680.41,3,1971.33,"Urban",2.14
292182.82,3,1821.96,"Suburban",0.5
332170.6,3,2528.88,"Rural",0.93
243664.65,2,1391.06,"Rural",1.02
273883.81,3,2042.45,"Rural",0.24
338902.71,3,1764.43,"Suburban",1.48
274403.44,3,1695.67,"Suburban",1.88
307354.74,2,1985.64,"Urban",1.45
222506.71,2,1391.84,"Suburban",0.68
252185.16,3,1274.62,"Suburban",0.74
317702.04,4,1602.21,"Suburban",4.37
350822.17,3,2500.7,"Suburban",2.19
374639.53,6,1822.31,"Urban",0.59
257769.17,1,1932.57,"Rural",0.83
278628.35,4,1724.06,"Suburban",4.46
265090.07,5,1988.2,"Rural",4.56
217741.74,2,1419.33,"Rural",4.23
307080.27,4,2263.16,"Suburban",2.79
287785.59,3,2033.88,"Suburban",1.4
212959.06,2,1477.42,"Suburban",4.04
355388.77,5,1821.82,"Urban",0.43
436355.98,6,2086.53,"Urban",0.49
326937.23,3,2023.09,"Urban",1.46
368771.25,5,2392.77,"Suburban",2.52
221188.43,2,1554.8,"Suburban",4.29
399201.51,3,2246.45,"Urban",3.57
372806.64,3,2214.62,"Suburban",2.14
274829.01,5,1735.01,"Suburban",2.74
317658.43,4,1409.63,"Urban",0.8
231877.96,5,1364.34,"Suburban",2.58
323238.8,5,1983.11,"Suburban",0.65
307986.66,5,1771.55,"Suburban",0.84
329744.95,4,2511.64,"Suburban",4.5
352063.8,5,2014.06,"Suburban",1.4
265486.43,4,1651.22,"Suburban",3.78
258924.06,5,1389.78,"Rural",1.78
292913.13,1,1567.04,"Urban",3.21
359809.09,4,1937.16,"Suburban",1.13
195704.34,3,1619.63,"Suburban",3.64
316656.65,3,2005.69,"Urban",3.91
282517.9,4,1666.26,"Suburban",4.8
267243.08,3,1757.78,"Rural",4.81
224624.54,2,1507.8,"Suburban",2.38
318716.84,3,2562.02,"Rural",4.54
370066.76,5,1933.05,"Suburban",3.4
323394.82,3,1892.25,"Urban",3.35
297283.09,5,1123.26,"Suburban",3.29
261329.35,2,2063.92,"Urban",2.32
289111.33,4,1390.55,"Rural",2.62
214129.42,8,1443.39,"Rural",3.62
434086.48,6,2167.34,"Urban",2.08
384588.69,6,1618.92,"Urban",1.15
161707.78,2,1100.65,"Rural",2.12
326385.98,2,2507.96,"Suburban",3.06
231450.44,5,849.04,"Suburban",2.39
280048.66,3,2029.12,"Rural",2.87
396307.16,5,2206.9,"Urban",2.07
317981.2,3,1547.61,"Suburban",0.15
336089.25,2,1977.71,"Urban",1.07
281757.34,5,1975.65,"Urban",4.86
315713.23,2,2216.25,"Suburban",3.55
325282.08,4,1993.64,"Suburban",0.55
278132.41,4,1702.05,"Rural",3.42
329431.84,4,2166.4,"Suburban",0.12
288547.89,3,2120.25,"Rural",1.37
216000.49,4,1425.37,"Suburban",2.55
252462.99,7,1239.69,"Suburban",1.5
251988.86,4,1864.11,"Suburban",2.76
313849.07,6,1690.42,"Suburban",3.24
178089.58,6,1405.78,"Rural",2.53
360752.26,4,1833.57,"Urban",3.78
210121.36,3,1272,"Suburban",2.82
232089.09,2,1864.49,"Rural",4.35
370506.05,7,1550.03,"Suburban",0.68
289603.57,3,2182.87,"Rural",4.09
370510.66,2,2769.8,"Suburban",3.64
270542.69,7,1433.61,"Suburban",4.84
301759.25,5,2223.07,"Suburban",4.59
336893.2,2,2130.06,"Suburban",0.67
332461.83,4,1771.92,"Urban",1.08
350372.85,7,1618.54,"Urban",3.31
363154.16,4,2430.12,"Urban",3.14
138720.72,3,997.82,"Rural",4.92
194289.17,5,1542.72,"Rural",2.03
189234.91,3,1225.26,"Urban",4.84
294235.48,3,2358.13,"Suburban",2.43
279002.85,3,1723.72,"Suburban",1.62
248501.01,3,1590.13,"Urban",4.19
464874.72,8,3073.62,"Rural",3.02
294336.01,2,1779.99,"Urban",3.09
201296.36,2,1622.5,"Rural",3.25
244872.05,2,1919.95,"Urban",4.87
261175.03,5,1172.63,"Urban",2.62
351113.78,4,1996.12,"Suburban",1.91
382696.98,6,1761.53,"Urban",0.97
337104.98,5,1987.41,"Urban",4.66
244374.23,5,1407.05,"Urban",1.75
250974.98,4,1390.81,"Suburban",1.69
184334.27,5,1522.63,"Suburban",4.4
385695.28,6,1492.8,"Urban",2.1
348773.37,5,2319.62,"Suburban",4.9
465637.98,8,2431.66,"Suburban",1.92
283545.17,4,1737.24,"Suburban",3.12
358029.48,3,1656.43,"Urban",3.11
259918.74,3,1668.38,"Suburban",0.62
275468.71,1,1827.69,"Suburban",3.43
322667.69,2,1838.76,"Urban",0.11
390774.9,6,1916.01,"Urban",2.83
183456.06,3,1501.33,"Rural",2.74
278988.9,3,1461.24,"Rural",3.66
362876.09,2,2278.83,"Urban",1.76
288873.61,3,1580.55,"Urban",1.16
332735.25,5,1921.22,"Urban",1.1
255240.75,6,1777.21,"Rural",2.09
254635.89,4,1416.86,"Urban",0.32
247195.8,3,2036.42,"Suburban",3.74
306875.36,3,1869.24,"Urban",4.53
375477.69,2,2359.91,"Urban",4.27
338155.47,3,1846.98,"Urban",1.52
253175.15,4,1667.38,"Urban",3.2
340944.6,3,1911.32,"Urban",0.97
316938.04,4,1325.76,"Urban",3.83
298884.64,3,1465.64,"Urban",4.14
393568.28,4,2004.11,"Urban",4.02
303302.47,3,1666.75,"Urban",3.87
234320.72,5,1773.62,"Urban",3.67
293982.49,3,1753.91,"Suburban",3.21
238411.81,3,1539.79,"Rural",2.12
170663.34,4,992.52,"Suburban",2.13
297169.43,5,1939.53,"Rural",2.23
268829.62,3,2104.66,"Rural",2.06
210627.05,3,1284.51,"Suburban",3.69
352754.12,3,2392.96,"Suburban",3.21
304130.08,4,1954.06,"Suburban",1.69
340028.52,2,2336.66,"Urban",1.76
249690.08,6,1417.13,"Suburban",2.29
304439.54,5,1866.71,"Rural",1.55
298567.97,5,1759.99,"Rural",2.37
360691.66,4,2107.4,"Urban",4.65
314601.38,3,1569.66,"Suburban",0.38
242235.99,4,1795.96,"Suburban",0.8
224330.72,6,1088.54,"Rural",3.19
211906.07,4,1488.95,"Rural",0.87
374384.57,6,1850.01,"Urban",3.61
302507.75,3,1517.47,"Urban",0.83
311755.16,5,1782.57,"Urban",2.43
293196.39,3,1612.83,"Urban",1.47
377803.42,4,2042.77,"Urban",4.82
351616.74,4,2267.4,"Urban",3.61
232672.36,3,1471,"Urban",2.21
354634.85,4,1677.19,"Urban",1.97
443722.91,6,2375.9,"Urban",3.62
263268.3,6,920.43,"Urban",1.32
343509.69,3,1672.06,"Urban",3.54
397405.58,3,2625.88,"Urban",1.9
398003.43,8,2677.44,"Suburban",3.94
289962.77,4,1862.64,"Suburban",3.39
311366.21,7,1454.56,"Suburban",3.34
331252.13,4,1866.18,"Suburban",1.53
273003.16,3,1538.89,"Suburban",2.18
365398.37,5,2381.13,"Rural",4.35
235868.96,2,1477.41,"Suburban",3.6
367619.25,4,1949.16,"Urban",1.6
306241.37,3,2047.94,"Rural",3.04
344190.59,7,1497,"Urban",1.94
276153.99,4,2140.61,"Rural",3.02
226178.43,4,1500.83,"Rural",3.18
259489.02,3,2052.1,"Suburban",3.84
386716.91,6,2238.66,"Suburban",1.08
279215.93,3,1404.62,"Urban",3.92
308626.16,3,2243.2,"Suburban",1.16
224094.88,2,1604.19,"Suburban",2.53
271081.44,2,1917.74,"Urban",3.43
312379.62,4,1880.73,"Suburban",1.81
358009.24,3,1629.12,"Urban",0.3
290343.18,3,1907.24,"Urban",4.55
232446.25,5,1307.83,"Rural",0.56
277595.22,1,1745.55,"Urban",2.65
305567.71,5,2130.32,"Suburban",4.15
233844.17,3,930.35,"Suburban",1.83
214105.78,3,1204.83,"Suburban",2.79
329933.63,6,1335.22,"Suburban",0.94
339419.55,7,1164.36,"Urban",1.4
321071.76,3,1967.83,"Suburban",3.07
255308.88,7,1402.83,"Suburban",3.2
201677.58,5,934.18,"Urban",3.29
244626.26,5,1544.97,"Rural",4.58
287865.88,2,1643.75,"Urban",0.72
297413.5,3,2142.71,"Suburban",3.96
268544.06,4,1358.5,"Suburban",0.53
389909.52,4,2264.52,"Suburban",3.07
343800.91,5,1959.35,"Urban",2.91
350285.29,6,1944.94,"Urban",3.21
325839.17,4,1458.99,"Suburban",1.11
385416.66,4,2581.47,"Suburban",2.43
284141.61,4,1734.29,"Suburban",4.57
140953.02,2,1070.04,"Rural",0.9
343243.25,3,1718.46,"Urban",0.76
232441.66,3,1026.22,"Suburban",3.78
295808.8,2,1675.8,"Suburban",0.4
310223.98,6,1631.11,"Urban",2.3
341504.24,2,2072.73,"Suburban",2.41
392526.5,5,2203.8,"Urban",0.49
348614.33,4,1509.56,"Urban",3.43
399666.21,5,2122.44,"Urban",1.44
366581.38,2,2369.73,"Urban",2.86
334304.22,4,1486.34,"Suburban",1.82
266674.03,3,1539.04,"Rural",2.31
314131.7,5,2060.31,"Rural",3.84
292580.09,3,1873.22,"Urban",3.27
394120.02,8,2019.51,"Suburban",4.36
449808.47,8,2361.87,"Suburban",1.18
298768.26,5,1954.83,"Rural",0.79
316573.18,3,2220.68,"Suburban",2.99
322461.7,3,2049.16,"Urban",3.65
279311.85,4,1973.45,"Suburban",1.09
316630.99,3,1954.43,"Suburban",3.02
317954.72,4,2316.53,"Suburban",1.13
324713.74,5,1399.1,"Urban",1.32
207316.58,2,1357.93,"Urban",2.76
317450.41,3,2036.78,"Rural",1.24
283243.36,4,1752.12,"Rural",3.33
404013.75,6,1829.6,"Suburban",0.64
380756.13,7,2096.51,"Urban",1.04
376218.99,6,2101.32,"Suburban",4.07
344830.25,5,1694.93,"Urban",0.4
301456.75,7,1674.98,"Rural",3.44
333719.07,4,1829.44,"Urban",0.85
368332.39,4,2225.21,"Suburban",0.83
257020.66,3,1970.41,"Rural",0.21
350376.07,3,2373.2,"Urban",1.86
276913.21,1,1796.95,"Suburban",2.8
241722.53,4,2250.27,"Rural",0.84
378096.81,6,2153.2,"Urban",3.63
294082.08,1,2044.83,"Urban",2.76
320423.33,2,1965.88,"Urban",4.82
253803.64,2,1688.05,"Suburban",4.74
311930.26,5,1756.38,"Urban",1.01
338822.41,5,1891.76,"Rural",2.48
430347.85,8,1819.56,"Urban",1.66
367661.05,4,2177.29,"Suburban",4.15
267720.01,2,1756.27,"Urban",2.34
380523.53,5,1771.85,"Urban",4.85
357715.66,5,1606.27,"Urban",3.01
309570.93,2,1744.67,"Urban",4.95
256823.8,3,1772.49,"Suburban",1.14
205930.12,3,874.51,"Suburban",0.56
207935.36,2,1254.07,"Suburban",4.14
219125.76,3,1771.01,"Rural",1.49
288704.89,2,1693.89,"Urban",1.83
253410.04,3,1319.65,"Suburban",3.36
216185.1,2,1003.38,"Urban",4.2
300062.94,5,1658.25,"Suburban",3.5
371744.18,3,2061.4,"Suburban",0.35
348131.27,2,2509.3,"Urban",2.52
324414.71,2,1784.62,"Urban",2.23
435515.88,6,2397.27,"Urban",4.53
273427.38,5,1833.21,"Suburban",3.21
253540.36,6,1846.21,"Rural",1.42
408770.24,8,1929.93,"Suburban",1.63
258695.52,2,1451.77,"Urban",2.37
316587.04,2,1779.31,"Rural",1.65
351297.03,5,2163.38,"Suburban",3.7
293144.95,5,1500.11,"Suburban",1.38
147568.46,1,1671.36,"Rural",4.08
272807.08,5,1340.89,"Urban",2.75
239253,5,1941.74,"Rural",4.82
386534.32,4,1969.92,"Suburban",4.49
288265.09,4,2059.34,"Suburban",2.41
283049.79,2,1312.08,"Urban",0.85
308973.83,1,1842.89,"Suburban",1.32
283643.65,4,1422.38,"Urban",2.36
300636.5,4,1799.85,"Suburban",2.96
313129.42,3,2337.05,"Suburban",1.64
320479.68,4,1598.59,"Urban",1.15
345956.83,5,2086.67,"Urban",4.61
203812.66,2,1500.13,"Suburban",4.2
294808.31,3,1608.59,"Urban",4.87
351406.82,5,1975.49,"Urban",0.77
248565.26,6,1528.36,"Suburban",3.49
222050.71,3,1118.81,"Suburban",4.94
370226.94,3,2306.07,"Urban",2.68
282928.55,6,1944.14,"Suburban",4.1
298899.31,6,1566.54,"Urban",4.58
266454.38,3,1002.37,"Urban",1.79
322722.63,2,2560.88,"Suburban",1.68
515461.84,5,3156.15,"Urban",1.05
268954.76,2,1882.99,"Suburban",2.44
233573.29,1,2139.92,"Suburban",4.11
483866.01,11,2289.82,"Urban",4.28
165780.89,1,1519.28,"Urban",4.56
249466.8,3,1659.52,"Suburban",2.76
277055.47,6,1109.15,"Suburban",0.16
314864.66,4,1505.37,"Urban",1.65
298726.11,3,2048.96,"Suburban",4.86
303528.25,5,1683.71,"Suburban",2.91
370500.81,6,1714.32,"Suburban",1.56
338336.92,3,1754.98,"Suburban",1.7
324251.35,4,1054.53,"Urban",0.77
320365.61,5,2135.05,"Urban",4.85
246146.16,4,1222.6,"Urban",2.74
229336.54,4,1716.57,"Rural",1.82
305503.63,8,1624.57,"Rural",1.8
302216.22,3,1712.56,"Urban",4.15
317850.85,2,2383.99,"Suburban",4.52
269382.23,4,1567.18,"Suburban",2.55
239016.96,3,1486.76,"Suburban",3.75
210271.49,4,1192.14,"Suburban",4.55
266472.51,3,1477.72,"Urban",1.31
248223.59,8,1333.53,"Rural",4.14
295566.46,3,1963.18,"Urban",3.86
274303.67,3,1454.8,"Urban",1.37
273925.77,4,1921.62,"Suburban",2.05
326409.28,2,1741.43,"Urban",3.09
391511.51,8,1226.58,"Urban",2.46
200949.47,4,1483.76,"Rural",2.27
340829.63,2,2154.04,"Suburban",2.78
361600.32,4,2161.23,"Urban",3.49
471825.64,8,2602.23,"Urban",2.4
286930.71,5,1798.57,"Rural",2.46
252481.61,3,1201.67,"Suburban",0.8
249824.41,3,1492.63,"Suburban",3.44
302272.49,6,1963.4,"Suburban",4.78
381588,2,2560.05,"Urban",2.32
310396.19,2,1844,"Suburban",1.28
355177.71,6,2256.15,"Suburban",4.17
320910.38,3,2107.23,"Urban",1.01
213536.92,3,1332.76,"Urban",3.15
312916.17,5,1731.55,"Rural",0.49
305812.36,2,2322.1,"Rural",0.56
264886.71,1,2150.44,"Suburban",3.42
340240.1,3,1985.52,"Urban",2.51
310205.21,4,1990.85,"Suburban",1
267672.94,3,1603.44,"Suburban",1.9
277361.28,3,1272.25,"Urban",1.68
305850.21,6,2318.17,"Suburban",4.35
211181.38,4,1231.91,"Suburban",2.81
237114.9,4,1424.44,"Suburban",0.71
368479.7,7,2051.59,"Urban",1.82
359487.06,5,1295.12,"Urban",0.2
301553.12,3,1579.25,"Suburban",2.11
253178.07,3,1326.88,"Suburban",3.43
371223.5,8,2048.27,"Suburban",2.81
370188.86,4,1978.53,"Urban",4.15
284040.68,5,1968.75,"Suburban",3.9
235539.78,3,1976.99,"Suburban",3.41
257438.63,5,2022.9,"Urban",4.88
345833.41,4,2055.74,"Urban",4.57
295148.12,6,1012.54,"Urban",0.9
257544.26,2,1740.47,"Urban",4.1
319693.76,3,1844.99,"Urban",4.31
312578.02,2,2089.87,"Suburban",0.96
246344.24,3,1325.01,"Urban",4.01
335122.65,8,1600.16,"Rural",4.14
334372.46,3,1370.54,"Urban",0.11
426882.76,5,2222.9,"Urban",1.46
384620.72,5,2311.63,"Suburban",2.43
256743.04,2,2115.07,"Suburban",4.34
250174.2,3,1311.04,"Urban",3.56
318065.83,3,1980.78,"Urban",4.21
332425.57,2,2260.18,"Urban",4.76
310655.4,2,1867.18,"Suburban",2.45
325771.88,9,1573.56,"Suburban",0.5
291486.43,8,1365.55,"Urban",4.3
244386.62,2,1533.88,"Suburban",2.15
318226.77,6,2085.94,"Suburban",2.03
334715.18,4,1627.34,"Suburban",0.19
245140.6,3,1891.05,"Rural",4.24
293333.96,4,2317.98,"Urban",3.46
349778.63,5,2031.33,"Suburban",0.15
315329.33,2,2345.87,"Suburban",4.45
207239.48,3,1119.37,"Suburban",0.82
233798.71,5,1687.73,"Rural",2.75
285273.79,3,1826.03,"Suburban",2.84
409220.56,6,2031.44,"Urban",3.83
231128.13,3,1332.32,"Suburban",1.59
407796.27,4,2122.47,"Urban",0.97
328372.11,3,1922.96,"Rural",0.12
257990.12,2,1905.52,"Urban",4.33
432587.39,7,2003.39,"Urban",1.09
307426.58,3,1753.46,"Urban",2.46
356474.86,4,2170.22,"Urban",4.74
330144.89,1,2059.29,"Suburban",2.93
368126.85,4,1739.92,"Urban",0.66
355701.29,4,2216.15,"Urban",2.68
293717.05,4,1917.02,"Urban",2.87
345203.42,3,2067.5,"Urban",3.43
299100.18,6,1562.33,"Rural",1.62
392024.23,4,2432.17,"Suburban",3.45
357001.95,3,1798.4,"Urban",2.59
343297.77,3,2139.14,"Urban",4.01
303341.59,2,1759.95,"Urban",2.21
320196.72,6,1688.15,"Suburban",3.98
410561.39,7,2113.78,"Suburban",2.29
223957.15,4,1166.15,"Suburban",4.71
293983.42,3,1991.35,"Suburban",2.31
363237.55,10,1957.43,"Suburban",3.86
196236.18,3,721.87,"Suburban",0.17
314276.69,4,1947.35,"Suburban",2.5
212875.56,2,932.63,"Urban",2.55
302647.11,4,2063.92,"Rural",0.24
201712.93,2,1618.43,"Rural",2.8
297982.18,2,1522.03,"Urban",2.75
273781.89,3,1797.26,"Suburban",3.33
418398.12,4,2349.22,"Suburban",0.41
279458.67,5,1545.87,"Urban",4.58
192605.58,2,2023.24,"Rural",4.3
367886.82,6,1936.46,"Urban",2.62
278777.32,5,1328.19,"Rural",0.8
266194.6,5,1103.59,"Urban",3.07
150051.15,2,1002.97,"Suburban",1.61
305730.89,3,2020.51,"Suburban",0.48
299158.84,5,1786.1,"Suburban",4.16
411232.19,4,2540.23,"Suburban",2.74
384206.07,3,2029.47,"Urban",0.93
360201.48,3,2139.88,"Suburban",0.39
358636.46,2,2333.75,"Urban",3.61
251442.99,3,1599.71,"Urban",4.89
359698.57,6,2004.04,"Rural",0.63
361344.03,5,2147.52,"Rural",1.87
408040,5,2347.74,"Suburban",0.5
330042.29,2,2105.06,"Suburban",3.22
315489.22,2,1968.46,"Urban",3.81
378707.54,8,1452.71,"Urban",3.39
393129.06,4,2091.82,"Urban",3.52
336402.49,4,2000.11,"Urban",0.57
339183.96,2,2053.7,"Suburban",2.72
362452.05,4,1969.46,"Urban",3.43
309847.15,3,1719.26,"Suburban",1.03
327811.43,3,1769.25,"Urban",0.79
308164.62,5,2074.95,"Suburban",3.21
277002.31,3,1868.65,"Urban",3.42
305916.91,5,1467.96,"Urban",4.37
262783.93,2,1683.94,"Suburban",1.41
341185.89,6,1272.35,"Urban",2.25
300269.38,4,1413.19,"Urban",1.32
286643.4,5,1742.16,"Suburban",3.93
311696.13,5,1080.75,"Urban",3.34
242257.72,4,1124.58,"Urban",4.03
317869.2,4,2241.03,"Suburban",3.25
252081.78,1,1569.35,"Suburban",2.5
259468.6,3,1059.32,"Suburban",2.07
307338.79,5,1754.85,"Urban",2.98
339806.49,3,2328.43,"Suburban",1.23
367129.99,5,2064.9,"Urban",1.75
330198.84,3,1976.55,"Urban",2.93
381645.35,5,2273.5,"Suburban",1.33
366442.06,7,1491.4,"Urban",2.45
334599.95,2,2091.88,"Suburban",2
211267.73,2,1565.17,"Suburban",4.17
363172.19,5,1800.31,"Urban",0.18
451087.18,4,2685.79,"Urban",1.39
347102.68,6,2187.77,"Suburban",2.98
435929.56,8,2107.2,"Urban",2.31
232392.52,2,1356.67,"Rural",4.45
208755.68,4,1485.51,"Suburban",4.94
389771.28,5,2713.65,"Rural",3.54
269381.2,2,1362.68,"Urban",0.59
336343.5,9,1885.79,"Suburban",4.65
353322.39,3,2157.03,"Urban",3.16
294025.98,1,2207.5,"Suburban",2.53
321211.11,5,2235.64,"Suburban",3.33
357311.27,5,1734.75,"Urban",0.22
306094.43,3,1471.61,"Urban",1.7
304064.17,3,1677.1,"Urban",1.59
342680.81,3,1439.16,"Urban",1.27
380047.4,2,2050.83,"Urban",1.49
353596.13,3,2248.14,"Urban",0.46
382921.32,2,2650.89,"Suburban",4.19
398649.05,4,1946.45,"Urban",0.48
266066.79,4,1450.09,"Urban",3.69
466725.71,7,2209.79,"Urban",2.04
382922.74,3,2161.9,"Urban",4.78
323415.49,4,1704.7,"Urban",4.48
208529.73,2,1176.86,"Rural",1.99
358873.55,6,2104.52,"Urban",2.65
404089.54,3,2251.66,"Urban",4
297786.1,5,1681.96,"Urban",4.7
285433.24,2,2014.5,"Suburban",1.9
312791.12,4,1689.64,"Suburban",1.44
353467.25,5,2072.93,"Suburban",1.49
336840.52,2,1753.08,"Urban",3.62
302527,5,1662.13,"Urban",3.33
271012.29,3,1844.65,"Suburban",2.79
292841.96,3,1686.64,"Suburban",1.09
242346.61,3,1563.59,"Rural",3.24
345830.02,1,1673.63,"Urban",4.3
257073.2,4,1796.74,"Suburban",2.95
350962.46,5,1883,"Suburban",3.23
406544.38,6,2412.97,"Suburban",3.93
235602.02,1,1256.8,"Suburban",2.27
298703.62,9,1720.15,"Rural",2.53
301257.8,3,2052.61,"Rural",1.24
387167.29,7,2504.81,"Suburban",4.18
322486.6,5,1970.41,"Urban",0.87
294623.54,4,1794.5,"Urban",3.47
275338.52,6,1676.98,"Rural",0.13
350463.44,1,1965.72,"Urban",2.53
354369.89,5,2195.62,"Urban",3.62
275945.27,3,1726.46,"Rural",2.33
329607.76,6,1865.5,"Rural",1.89
300115.51,4,1886.77,"Suburban",0.59
368876.16,3,2091.71,"Urban",1.43
385186.2,5,2244.55,"Suburban",1.37
232830.12,2,1911.66,"Suburban",4.22
322386.62,6,1769.53,"Rural",2.04
291023.81,3,2357.87,"Rural",4.95
301278.1,5,1865.81,"Suburban",4.14
351634.35,7,2431.14,"Rural",2.49
250701.17,2,1775.23,"Suburban",3.95
318571.45,6,2045.57,"Suburban",2.93
293396.32,5,1181.56,"Urban",1.13
294121.4,3,1755.04,"Urban",4.05
313569.3,3,1791.28,"Urban",1.65
240157.02,3,1496.66,"Rural",4.74
191590.77,4,1385.64,"Rural",4.8
389876.26,6,2179.26,"Urban",3.01
408561.44,4,2165.66,"Urban",0.49
318320.25,4,1280.51,"Urban",2.42
325647.84,5,1969.75,"Suburban",2.9
225535.61,4,1354.98,"Rural",2.74
286211.03,4,1379.57,"Suburban",3.09
312411.07,1,2010.16,"Urban",2.9
214633.81,1,1525.59,"Rural",1.61
371097.85,7,2197.39,"Suburban",3.23
335375.58,5,1815.41,"Suburban",0.52
346503.22,3,2014.46,"Urban",1.27
346935.36,5,1590.55,"Urban",1.8
298111.36,5,1339.51,"Urban",2.06
322534.33,3,2165.9,"Urban",4.98
339793.61,5,1895.23,"Suburban",0.31
277940.4,4,1704.37,"Suburban",2.34
382092.18,6,1827.69,"Suburban",2.14
294281.88,4,2330.36,"Rural",2.12
345731.14,6,1520.73,"Suburban",1.59
266510.63,4,1500.24,"Suburban",2.9
202758.29,4,1552.15,"Suburban",3.98
309733.72,7,1166,"Urban",0.69
412864.45,5,2127.85,"Urban",2.45
272787.41,3,1876.95,"Urban",3.89
279742.43,1,1882.87,"Suburban",0.94
220706.83,4,1782.66,"Rural",3.84
289545.41,4,1595.94,"Suburban",1.56
362734.64,6,1470.63,"Urban",1.88
347716.86,5,2140.74,"Suburban",1.9
270302.95,6,1229.53,"Rural",2.67
338240.64,3,1976.12,"Suburban",0.78
341779.33,6,1482.96,"Suburban",1.6
337592.54,2,1912.92,"Urban",4.21
274984.31,3,1503.72,"Suburban",3.8
301700.3,5,1590.66,"Suburban",3.01
419923.65,8,2507.75,"Rural",0.34
323740.16,4,2067.31,"Suburban",3.39
228143.44,4,942.04,"Suburban",2.12
265001.71,2,1850.56,"Suburban",0.38
314578.07,8,1619.27,"Suburban",3.69
254474.05,2,1345.35,"Urban",0.64
274425.64,2,1883.91,"Urban",4.78
304513.11,6,1851.99,"Rural",1.53
327274.92,4,1668.6,"Urban",0.99
324144.04,3,2589.08,"Suburban",4.49
157022.25,6,900.52,"Rural",0.75
384334.7,1,2135.29,"Urban",1.84
220224.8,3,1684.39,"Rural",2.34
326882.84,5,2062.61,"Rural",4.38
218790.57,3,1618.4,"Rural",2.44
268316.47,3,1562.45,"Suburban",3.49
216279.58,2,1115.85,"Urban",3.9
357063.24,5,1716.22,"Urban",2.2
345041.13,2,2791.5,"Urban",2.33
416478.32,6,2195.88,"Urban",1.28
385623.72,3,2470.23,"Urban",1.49
376659.04,3,2165.99,"Urban",4.57
286951.36,4,2257.71,"Rural",4.86
315193.18,2,2161.15,"Urban",3.66
253487.41,1,1990.16,"Urban",1.92
386626.02,9,1566.99,"Urban",2.5
314690.18,4,1586.83,"Urban",4.07
211208.19,5,1159.66,"Rural",2.84
301227.64,6,1797.67,"Suburban",3.88
400503.96,5,2159.74,"Urban",1.41
401626.72,8,2212.77,"Urban",1.72
249446.73,1,1838.05,"Suburban",4.85
320386.62,6,1580.95,"Suburban",4.76
477568.79,6,3116.21,"Urban",3.64
377138.25,5,2094.67,"Urban",0.71
318468.59,3,2368.23,"Suburban",4.11
268470.71,1,1664.93,"Suburban",0.95
228253.54,3,1784.82,"Rural",0.88
292473.46,3,1979.44,"Urban",4.4
339144.47,6,2470.61,"Rural",0.39
311413.31,3,1675.41,"Urban",0.39
328970.94,3,2141.45,"Urban",4.88
194029.82,5,962.07,"Rural",3.72
303152.59,6,1597.1,"Suburban",2.69
190001.87,4,1283.2,"Suburban",2.93
328983.69,5,2245.35,"Suburban",1.53
243584.4,2,1734.22,"Suburban",3.87
278379.18,3,1643.85,"Suburban",2.41
393882.94,7,2347.64,"Suburban",3.94
334989.56,5,2246.51,"Suburban",1.65
364009.33,6,1440.79,"Urban",1.34
319475.89,3,1971.15,"Urban",4.25
219905.11,4,1308.62,"Rural",1.31
323394.91,5,1609.75,"Urban",3.83
438406.69,6,2446.63,"Urban",3.98
311466.65,3,2380.05,"Rural",4.95
259842.34,2,2243.61,"Rural",4.08
287411.93,4,1571.64,"Urban",0.54
279631.02,5,1047.43,"Suburban",0.75
196417.64,2,1329.72,"Suburban",1.9
317468.56,3,2181.02,"Suburban",0.63
284899.32,4,1683.77,"Rural",3.48
256361.17,5,934.96,"Urban",0.79
312039.46,7,1727.93,"Suburban",4.76
400442.26,4,2364.1,"Urban",2.52
378914.09,4,2057.39,"Suburban",0.86
252545.68,5,1471.5,"Suburban",2.51
289738.49,6,1181.63,"Suburban",2.59
276478.65,6,1469.38,"Suburban",4.95
349613.66,2,1813.81,"Urban",1.8
385940.97,4,2155.23,"Urban",3.55
222969.65,3,1024.02,"Suburban",0.38
380205.79,6,2209.28,"Urban",2.26
259949.32,5,1802.18,"Rural",0.79
270012.56,2,2027.91,"Suburban",1.56
280082.34,5,1138.7,"Urban",0.69
229707.02,3,1533.34,"Suburban",1.55
235527.55,2,1620.71,"Rural",0.28
409403.74,7,2217.56,"Urban",1.41
396388.97,2,2211.27,"Urban",3.01
334236.39,4,1974.04,"Rural",0.77
316456.39,2,2441.68,"Rural",2.87
214509.23,1,1593.84,"Suburban",2.89
420126.62,4,2205.01,"Urban",3.86
249401.75,2,1785.62,"Rural",0.1
211280.09,3,1533.06,"Rural",4.49
278508.24,3,2169.35,"Suburban",0.69
406240.99,4,2352.44,"Suburban",0.23
364806.85,5,2151.3,"Urban",4.21
240078.21,3,1596.24,"Suburban",1.76
248256.14,4,1612.08,"Rural",2.84
431425.19,4,2351.07,"Urban",0.75
352922.82,5,1941.13,"Urban",3.58
354485.01,5,2131.83,"Suburban",2.85
386565.8,6,1664.52,"Urban",1.46
309333.17,6,2304.41,"Rural",4.2
288291.54,7,1476.5,"Suburban",4.61
369563.27,4,2050.14,"Urban",3.27
259619.06,4,1473.13,"Urban",1.98
238294.83,2,814.97,"Urban",2.39
204825.95,4,1262.82,"Suburban",3.64
333633.77,3,1854.52,"Urban",1.86
294996.12,1,2153.17,"Suburban",2.58
180999.11,4,1099.48,"Rural",2.64
248833.84,4,1299.43,"Suburban",3.45
322494.82,2,2505.82,"Suburban",4.04
330782.34,3,1626.44,"Urban",1.71
296990.66,4,2002.28,"Urban",4.11
302013.76,2,1589.23,"Urban",4.48
274072.13,2,1680.57,"Urban",3.3
258596.57,4,1834.9,"Rural",1.58
268749.52,3,1804.38,"Urban",4.35
364775.47,6,1722.98,"Urban",4.99
248850.73,3,1612.08,"Urban",2.65
169304.96,1,580.86,"Urban",2.24
369660.91,6,2547.46,"Suburban",4.65
301161.6,3,2516.17,"Rural",2.8
234094.54,4,1359.57,"Rural",0.88
273759.42,4,1732.76,"Rural",1.41
354300.24,3,2350.11,"Urban",3.08
306621.76,2,2199.32,"Urban",3.86
420775.48,4,2310.64,"Urban",0.27
243603.56,4,1371.3,"Rural",2.92
475115.58,4,2830.91,"Urban",3.43
260319.61,5,1346.62,"Urban",3.71
333793.26,5,2101.57,"Suburban",0.14
300554.83,4,1856.51,"Urban",3.83
268431.06,3,1638.52,"Urban",2
309906.96,1,1648.23,"Suburban",1.18
138457.71,1,1403.44,"Suburban",2.7
385551.87,9,2449.06,"Suburban",4
272800.98,2,1835.81,"Urban",3.5
302819.98,3,1903.69,"Suburban",0.67
357346.65,5,1883.85,"Urban",1.45
327637.34,5,1649.93,"Suburban",2.85
361062.78,6,1346.39,"Urban",1.5
266022.77,4,1901.49,"Suburban",4.11
266886.89,5,962.54,"Urban",2.64
239656.88,6,1232.57,"Suburban",0.37
321769.62,4,1369.44,"Urban",1.49
221944.39,5,1368.53,"Rural",1.71
295033.32,1,1842.88,"Urban",3.45
324851.08,3,2439.4,"Suburban",1.78
261413.79,6,1193.87,"Suburban",3.56
380524.26,5,1973.47,"Urban",0.2
363678.94,7,2159.82,"Suburban",0.64
274527.38,2,1404.19,"Urban",2.16
415725.25,3,1778.88,"Urban",1.93
361674.72,5,2129.44,"Urban",4.61
336533.42,9,1697.8,"Suburban",4.47
306797.4,3,1711.73,"Urban",0.49
233773.96,1,1923.09,"Rural",1.59
421503.2,9,1775.99,"Urban",0.77
260421.44,2,1577.74,"Urban",1.4
300704.13,1,1744.55,"Suburban",1.8
409945.53,4,2553.14,"Urban",4.18
318209.38,3,2149.47,"Rural",2.43
319965.73,4,1434.16,"Suburban",0.62
200522.61,5,1302.03,"Rural",2.75
203253.33,2,1656.01,"Rural",1.78
404646.84,5,2331.51,"Urban",2.92
381510.18,7,1917.07,"Urban",1.35
246194.82,3,1519.4,"Rural",2.01
364836.18,3,2152.89,"Urban",0.42
296163.2,2,1746.65,"Urban",4.96
180560.85,2,1351.73,"Suburban",2.05
315930.57,4,1984.48,"Rural",1.7
302000.03,4,2409.66,"Suburban",2.95
362429.03,4,1973.79,"Urban",0.55
361155,6,1876.8,"Suburban",1.33
221784.3,1,1537.5,"Suburban",0.39
323877,3,2027.36,"Rural",2.36
266440.82,4,1371.77,"Suburban",2.16
193461.24,3,1138.74,"Urban",3.39
352804.24,4,1782.66,"Suburban",1.54
274253.74,4,1786.16,"Rural",2.96
342077.03,4,2746.02,"Rural",4.28
280935.99,2,1313.46,"Urban",1.52
211809.54,2,1868.36,"Rural",2.19
358452.12,3,2122.02,"Urban",1.1
393917.97,5,2220.24,"Urban",2.7
220612.12,5,1795.71,"Suburban",3.29
335087.34,6,1502.7,"Urban",0.36
248450.42,5,1773.69,"Rural",4.15
406535.82,5,2575.9,"Suburban",2.09
370105.8,5,1993.1,"Suburban",2.2
196490.68,2,982.21,"Suburban",2.02
361233,3,2369.38,"Urban",0.83
320396.35,3,2016.2,"Suburban",0.49
272150.15,3,1786.57,"Suburban",0.15
281109.92,4,1792.85,"Suburban",0.99
277665.8,5,1740.08,"Urban",0.78
299112.99,3,1902.62,"Suburban",1.04
367078.85,6,1598.45,"Urban",1.3
262223.37,1,1910.8,"Suburban",4
230768.56,5,1427.46,"Suburban",4.44
330232.58,5,1880.06,"Urban",3.59
374993.77,4,2242.73,"Suburban",2.9
347068.11,3,2003.68,"Urban",3.81
307254.94,1,2213.5,"Suburban",3.16
184850.08,3,1363.65,"Rural",4.61
299490.95,6,1821.92,"Rural",2.64
340822.56,7,2046.9,"Suburban",1.93
299087.6,4,1372.8,"Urban",1.17
374410.26,3,2426.33,"Urban",4.42
252252.34,4,1386.08,"Suburban",3.5
331700.51,5,1865.81,"Suburban",2.04
260373.53,3,1860.73,"Urban",1.07
268340.71,2,1848.67,"Suburban",4.39
286604.92,3,1715.83,"Urban",3.77
280271.37,3,1979.97,"Suburban",0.61
247109.92,3,1387.53,"Suburban",0.95
292603.52,4,1284.25,"Urban",1.44
248713.92,3,1538.17,"Urban",3.93
255386.73,2,1777.07,"Suburban",4.12
282224.97,1,2302.7,"Urban",4.71
327967.74,3,2434.98,"Urban",4.76
472083.38,8,1927.79,"Urban",0.64
338725.66,4,1952.64,"Suburban",2.47
256474.25,4,1702.54,"Suburban",0.8
284512.53,5,1819.22,"Rural",1.91
249632.69,5,1238.18,"Suburban",4.14
247773.01,1,1915.97,"Suburban",3.7
337874.27,5,1585.78,"Urban",4.82
367670.75,3,1933.87,"Suburban",2.31
336310.53,6,1661.61,"Urban",1.56
313236.99,5,1535.35,"Suburban",2.58
337424.75,2,1712.36,"Urban",0.92
278188.56,3,1653.24,"Suburban",3.04
290133.47,2,2237.83,"Rural",3.47
300593.41,4,1883.68,"Rural",4.32
334448.01,4,1973,"Urban",4.56
219618.07,5,1303.66,"Suburban",0.8
336370.46,3,2398.73,"Rural",1.49
304062.03,4,1863.75,"Urban",1.71
350063.85,9,1457.49,"Urban",2.79
310896.45,5,1923.62,"Suburban",3.66
276993.64,2,2148.17,"Urban",1.77
227705.15,4,1246.53,"Rural",0.18
382617.21,2,2476.04,"Urban",3.95
273834.78,3,1736.79,"Urban",4.52
313812.26,5,2248.47,"Suburban",2.68
257872.05,1,1828.9,"Suburban",1.37
302259.04,5,1667.03,"Urban",4.03
279289.21,4,1066.03,"Urban",0.83
251786.18,5,1359.93,"Suburban",2.57
289268.1,5,1783.46,"Suburban",2.88
369844.73,4,2131.14,"Urban",3
265088.35,5,1047.33,"Urban",4.94
421568.15,5,2350.18,"Urban",4.1
382281.76,3,2359.6,"Suburban",1.33
214519.8,2,1342.67,"Suburban",1.26
437619.88,7,1988.92,"Urban",0.43
223991.85,5,1386.54,"Suburban",3.74
271473.3,4,1749.92,"Rural",2.29
264969.14,2,2171.47,"Suburban",0.32
301595.13,4,2147.34,"Rural",4.41
210670.14,3,1460.33,"Suburban",3.52
346160.56,6,1645.35,"Urban",2.02
242253.99,1,1409.53,"Urban",3.99
274305.9,3,1935.82,"Urban",3.66
264091.16,2,1176.37,"Urban",2.56
227601.62,3,748.27,"Urban",4.39
403312.84,5,2387.92,"Urban",3.6
416403.74,9,2709.39,"Rural",0.31
273138.69,5,1617.99,"Urban",3.64
306058.21,4,2104.44,"Urban",3.66
302150.32,4,1797,"Suburban",0.52
438130.75,7,2389.73,"Urban",1.58
300119.71,2,2021.66,"Suburban",2.83
332578.33,2,1881.47,"Urban",2.43
232240.54,6,1080.35,"Suburban",3.78
386830.74,4,2233.18,"Urban",4.94
219392.96,1,1659.66,"Suburban",3.81
239517.3,5,1238.6,"Urban",3.04
287412.69,4,1719.28,"Rural",1.99
329798.38,4,1749.29,"Urban",3.98
368346.53,3,2223.68,"Urban",1.57
220919.97,2,1333.04,"Rural",0.89
299957.1,2,1576.94,"Suburban",1.33
342661.66,4,2395.25,"Suburban",3.37
400407.04,4,2343.47,"Suburban",0.53
331523.28,2,2265.29,"Urban",2.31
380725.5,2,2464.61,"Suburban",2.16
351393.08,5,1881.61,"Urban",2.1
291340.87,4,1567.25,"Urban",3.55
362095.15,6,2022.08,"Suburban",3.59
385967.54,5,2223.49,"Urban",4.95
381416.95,1,2765.45,"Rural",0.42
260980.49,5,1014.01,"Suburban",1.19
354363.79,6,1909.29,"Suburban",4.6
362712.35,4,2061.92,"Suburban",0.5
203896.77,2,1778.16,"Rural",4.94
331185.66,7,1176.87,"Urban",4.94
321933.14,5,2096.6,"Suburban",1.71
284437.94,2,1488.37,"Urban",4.38
300218.99,5,2002.34,"Suburban",3.52
381230.16,7,2163.02,"Rural",2.43
283798.11,3,2313.58,"Rural",4.9
243017.86,3,1176.85,"Urban",3.84
427973.16,3,2232.7,"Urban",1.03
221594.49,3,1497.21,"Suburban",3.79
278742.52,4,1284.39,"Suburban",2.64
373838.28,5,2325.73,"Urban",2.92
311998.03,5,2258.5,"Rural",4.95
271076.09,4,1702.97,"Suburban",4.44
415864.07,5,2103.82,"Suburban",0.97
289472.84,5,1455.87,"Rural",2.41
237860.31,1,1739.59,"Suburban",4.17
278159.23,3,1762.51,"Suburban",3.39
253701.45,2,1687.7,"Suburban",3.44
316534.54,5,2093.64,"Urban",4.56
361090.87,7,2414.93,"Suburban",1.86
292794.61,4,1617.69,"Suburban",0.42
346615.66,6,1786.94,"Urban",3.24
391035.44,4,2454.7,"Urban",0.33
279788.48,5,1668.38,"Suburban",1.91
207938.17,4,758.38,"Urban",4.54
377872.46,5,2005.59,"Suburban",3.9
240330.79,6,1445.41,"Rural",4.21
361078.05,6,1400.58,"Urban",1.6
314321.33,2,2368.33,"Suburban",3.14
409885.52,1,2779.2,"Urban",0.29
296905.35,2,1384.09,"Suburban",2.09
368249.25,6,2212.41,"Suburban",3.98
236142.04,4,1762.34,"Rural",3.83
224516.11,3,1856.72,"Suburban",4.37
425776.35,7,2288.89,"Urban",0.34
336323.02,4,1885.47,"Suburban",2.77
257982.82,4,1459.45,"Suburban",1.75
301844.7,3,1611.84,"Suburban",1.1
347232.89,3,2074.45,"Urban",1
216368.46,5,865.62,"Urban",1.64
222407.11,1,2238.1,"Suburban",4.94
177526.93,3,1173.14,"Rural",0.56
375019.46,6,1808.77,"Urban",0.76
308403.03,5,1723.86,"Suburban",0.51
324065.09,5,2317.23,"Rural",1.13
280283.22,3,1875.54,"Suburban",4.37
314973.87,4,1840.78,"Urban",0.79
345381.28,2,2079.25,"Suburban",0.2
311662.76,5,1469.19,"Urban",0.29
338219.55,6,1721.64,"Urban",3.59
273394.36,3,2271.03,"Rural",2.7
394205.74,5,2073.39,"Urban",1.82
247743.76,4,1289.8,"Suburban",4.06
402769.91,7,2055.18,"Urban",0.55
157735.56,2,1248.96,"Suburban",2.26
314066.76,4,1560.68,"Urban",2.1
401851.84,6,2284.37,"Urban",4.92
287246.68,6,899.58,"Urban",2.18
263083.41,1,1088.39,"Urban",0.28
401941.08,8,2320.55,"Urban",4.44
272136.56,4,1474.08,"Urban",2.89
276693.48,3,2297.48,"Suburban",4.96
336076.43,3,1732.7,"Urban",2.24
284683.57,2,1971.11,"Urban",4.83
291078.72,2,2125.31,"Urban",4.69
239567.37,3,1539.52,"Suburban",4.75
294606.73,3,1678.16,"Urban",2.81
231415.92,3,1633.96,"Suburban",4.74
469756.35,3,2926.43,"Suburban",0.86
269710.75,4,1850.46,"Suburban",4.14
348194,2,1989.12,"Urban",3.12
325850.92,7,1663.7,"Rural",1.69
271418.93,1,1703.28,"Rural",2.3
340406.17,3,2351.5,"Suburban",2.88
357635.84,7,1664.45,"Urban",3.01
299039.35,4,1808.05,"Suburban",0.41
265023.79,2,1950.78,"Suburban",0.5
239321.71,3,1627.31,"Rural",1.17
380969.14,4,2583.63,"Urban",3.7
269062.2,4,1228.62,"Urban",1.04
343157.07,4,2604.52,"Rural",4.81
316280.9,4,1659.36,"Urban",0.78
255551.36,2,2342.85,"Urban",2.04
256883.06,6,1000.33,"Urban",4.61
359170.13,4,2182.43,"Urban",4.34
355016.85,4,2150.57,"Urban",3.49
208381.33,2,1291.51,"Suburban",4.6
266276.65,5,1492.67,"Suburban",3.06
322952.17,4,1877.41,"Suburban",4.17
350344.81,5,2257.53,"Suburban",2.53
220437.7,1,1493.6,"Suburban",1.27
335097.28,6,1710.35,"Suburban",4.21
372597.6,3,2428.54,"Rural",0.13
214698.77,3,1349.06,"Suburban",4.08
290752.83,4,2179.12,"Rural",4.17
323646.16,7,1979.51,"Rural",1
219063.03,1,1357.67,"Suburban",1.95
358909.76,3,1532.85,"Urban",0.21
373338.11,3,2113.31,"Urban",2.41
343887.22,4,1899.58,"Suburban",0.68
417762.69,5,2370.04,"Urban",2.28
291620.78,7,1559.29,"Rural",1.62
180480.66,4,1114.2,"Suburban",2.62
424063.91,6,2219.13,"Urban",2.54
339961.56,5,1556.55,"Urban",0.63
271890.5,2,1848.14,"Urban",4.67
376580.45,2,2487.62,"Suburban",2.69
305671.41,2,1699.83,"Urban",3.71
402920.82,4,2419.82,"Suburban",1.92
268216.84,2,1361.14,"Urban",3.79
321236.02,3,2170.2,"Urban",3.49
320383.37,4,1898.72,"Urban",3.98
216375.63,3,1505.29,"Suburban",0.23
274363.76,4,1288,"Urban",2.3
294927.33,6,1830.66,"Suburban",0.6
357253.88,4,1902.07,"Urban",0.79
269928.63,3,1910.98,"Rural",2.6
329845.38,5,2014.74,"Suburban",1.01
282643.6,2,1615.81,"Urban",2.28
261754.9,3,1595.36,"Urban",0.53
293893.43,4,1894.78,"Rural",2.12
320763.51,2,1583.36,"Suburban",0.58
410105.23,6,2287.69,"Urban",4.59
375575.49,6,1869.65,"Rural",0.42
274902.91,4,1553.89,"Suburban",2.01
222217.95,5,1077.24,"Suburban",4.04
297837.69,3,1542.53,"Suburban",1.98
411802.99,2,2618.41,"Urban",0.65
314561.12,4,1575.7,"Suburban",0.88
222982.16,4,1465.6,"Rural",3.69
318009.09,3,2061.18,"Suburban",1.46
245555.08,2,1976.52,"Rural",4.95
346491.63,4,2100.65,"Urban",4.36
300264.37,1,1688.81,"Urban",2.17
360227.55,5,2249.06,"Urban",4.83
257970.44,4,1330.96,"Urban",2.19
354512.57,4,1780.45,"Urban",4.74
237538.31,4,1518.34,"Suburban",4.02
330400.33,3,2072.3,"Suburban",1.31
279215.7,4,1852,"Urban",2.52
355436.94,5,2243.88,"Urban",4.33
495461.4,4,2623.4,"Urban",1.19
309050.17,3,1856.26,"Suburban",0.54
364268.23,5,1586.15,"Urban",0.48
279713.3,3,1470.59,"Suburban",1.08
275047.78,4,1694.79,"Urban",2.73
317796.81,4,1772.16,"Suburban",3.15
310101.24,3,2596.72,"Rural",1.74
287262.71,4,1348.36,"Urban",4.87
228702.57,3,1362.71,"Urban",3.3
311294.22,4,1636.81,"Urban",2.68
364689.95,4,2035.02,"Urban",3.09
278901.46,2,2128.44,"Suburban",4.27
273181.24,4,1436.83,"Urban",4.52
322990.59,4,1850.82,"Suburban",2.41
310610.71,2,1782.84,"Urban",3.66
422864.64,4,2278.08,"Urban",2.56
413349.56,4,2235.68,"Suburban",4.37
307406.85,4,1675.09,"Urban",3.34
400203.84,6,1818.4,"Urban",2.69
373968.77,5,2061.09,"Urban",4.74
224118.32,4,1138.6,"Suburban",3.98
296723.86,4,1675.89,"Suburban",1.16
311536.95,3,2029.95,"Urban",2.07
282242.02,2,1590.71,"Suburban",2.07
315714.24,3,1776.03,"Suburban",2.25
233821.39,1,1791.6,"Suburban",3.16
293416.46,6,1510.54,"Urban",2.7
334609.65,9,1402.21,"Suburban",2.69
324516.9,5,1720.05,"Rural",0.75
383219.36,6,1661.19,"Suburban",0.64
331388.05,6,2133.64,"Rural",0.66
359109.55,4,2411.95,"Suburban",2.31
324999.98,4,1795.23,"Rural",1.99
248538.16,3,1959.47,"Rural",3.79
297954.66,5,1771.83,"Suburban",0.49
321917.93,3,2040.54,"Suburban",2.2
393151.83,3,1887.4,"Urban",2.74
330139.1,5,1894.64,"Urban",2.72
363644.43,5,2245.17,"Urban",3.96
272986.37,2,1405.03,"Urban",0.55
356527.34,3,2379.15,"Suburban",1.02
323778.5,3,1939.64,"Urban",1.69
320383.8,2,1872.33,"Urban",2.65
283787.31,5,1575.9,"Suburban",1.14
306205.46,4,1734.45,"Suburban",0.4
330185.73,2,1949.47,"Urban",3.13
298288.3,8,974.51,"Urban",4.14
332473.26,4,1559.39,"Urban",1.77
301760.68,5,2034.4,"Suburban",1.87
270834,6,1682.21,"Rural",1.56
305814.94,6,1479.79,"Urban",4.69
259778.12,5,1545.72,"Urban",4.07
284106.47,4,1894.3,"Rural",2.63
262012.86,4,1146.07,"Suburban",2.53
267111.21,3,2148.49,"Rural",4.85
69991.1,1,932.43,"Rural",4.88
281908.48,3,1598.66,"Urban",3.19
232750.25,3,1485.13,"Suburban",0.22
259655.93,3,1300.56,"Urban",2.18
200380.24,2,1368.84,"Urban",4.31
249801.91,3,1900.03,"Urban",4.24
272082.36,3,1752.09,"Rural",2.96
272437.93,5,1679.66,"Rural",3.54
202122.77,3,871.69,"Urban",0.64
152505.22,2,1270.27,"Rural",1.52
239458.9,1,1747.48,"Urban",2.93
253213.07,5,1448.79,"Suburban",3.82
300411.16,4,1481.29,"Suburban",2.97
328688.25,5,2219.82,"Rural",3.71
251261.93,2,1870.24,"Suburban",2.13
251499.74,2,1382.46,"Suburban",3.26
208633.45,2,1612.52,"Suburban",2.61
358966.18,5,1686.04,"Suburban",1.87
294433.54,5,1527.88,"Urban",4.48
349809.51,9,1414.38,"Rural",2.45
291104.49,4,1779.28,"Urban",3.29
331175.09,3,2096.48,"Urban",4.07
292442.13,3,1890.74,"Suburban",0.79
332340.16,5,1719.94,"Urban",4.36
342522.96,5,1955.13,"Urban",1.11
245053.23,3,2117.57,"Rural",3.12
269528,5,1743.79,"Rural",0.17
442168.64,6,1982.32,"Urban",1.13
222101.83,4,1341.77,"Rural",3.66
309671.3,4,1700.14,"Suburban",3.9
309960.16,7,1631.88,"Suburban",1.92
376766.19,7,1878.27,"Urban",2.84
320850.52,5,1942.93,"Suburban",3.21
241824.78,2,1750.55,"Suburban",4.37
291270.34,6,1493.51,"Suburban",2.99
288726.39,4,1428.11,"Suburban",0.37
251488.7,3,1911.41,"Rural",1.36
402621.52,3,2342.73,"Urban",1.22
338491.1,3,1485.15,"Urban",2.36
259474.53,3,1646.08,"Suburban",3.54
360463.62,7,1932.27,"Suburban",4.17
314889.2,3,1578.15,"Urban",0.53
280077.81,4,1848.63,"Rural",1.71
276613.18,3,1780.96,"Suburban",4.99
202109.67,2,1489.5,"Rural",3.14
303614.96,5,2132.58,"Rural",1.07
314984.7,3,2138.52,"Suburban",2.65
340275.02,2,2209.66,"Suburban",3.4
386378,2,2307.2,"Urban",0.18
354127.4,7,1597.46,"Suburban",0.31
293845.7,4,1614.21,"Suburban",0.52
307596.18,2,1904.49,"Urban",4.93
277516.2,4,2052.03,"Suburban",0.85
303554.16,4,1664.15,"Urban",3.85
223495.84,6,1630.66,"Rural",4.33
315385.33,5,1552.69,"Urban",1.59
328319.26,4,2392.88,"Suburban",1.12
278298.24,5,796.73,"Urban",3.05
324595.64,5,1732.97,"Urban",1.63
281709.43,3,1815.29,"Suburban",1.27
267835.28,3,1376.16,"Suburban",3.98
357334.51,4,1954.17,"Suburban",0.31
218678.95,3,1013.16,"Urban",3.42
351364,6,2181.99,"Urban",0.78
253336.31,3,1134.66,"Suburban",1.28
152770.56,2,918.91,"Rural",0.99
312239.59,7,1494.57,"Suburban",0.13
260265.51,3,1864.83,"Suburban",4.38
183352.47,3,1539.37,"Rural",4
257622.34,4,1576.29,"Urban",3.43
302000.42,4,1933.28,"Suburban",0.12
250418.16,3,1376.44,"Rural",1.84
253526.99,2,1765.66,"Urban",3.96
343801.06,6,1999.17,"Suburban",2.05
379173.15,4,2453.6,"Suburban",2.74
303067.74,5,1991.78,"Rural",4.31
351840.71,7,2485.91,"Suburban",2.91
375017.72,4,1981.26,"Suburban",0.87
319168.22,3,1798.7,"Urban",2.63
230449.88,2,897.39,"Urban",3.66
271295.23,6,1310.14,"Urban",3.95
256114.1,4,1672.41,"Rural",0.96
285822.98,3,2084.91,"Suburban",4.95
250943.05,3,1670.99,"Rural",3.84
294033.31,3,2017.46,"Urban",3.26
197152.66,4,1374.48,"Rural",4.49
244309.95,3,1690.35,"Rural",4.81
317746.13,2,1886.8,"Suburban",1.72
244626.64,2,1656.25,"Urban",4.23
354596.42,5,1845.13,"Suburban",3.41
286591.74,3,1531.7,"Urban",2.2
327840.51,2,1949.74,"Urban",0.17
417675.59,8,1767.58,"Urban",1.16
304042.91,3,1781.18,"Suburban",3.17
211738.61,3,1020.49,"Urban",2.82
308790.39,5,1530.53,"Suburban",3.15
270625.1,7,1204.14,"Urban",4.54
209048.05,3,1157.71,"Rural",3.36
269292.53,4,1602.45,"Suburban",1.88
299360.74,5,1735.68,"Urban",4.45
358274.56,3,1913.44,"Urban",2.48
370319.34,2,2236.51,"Urban",0.93
289236.75,4,1977.76,"Suburban",1.5
334789.89,1,2204.83,"Urban",4.6
292005.21,3,1589.48,"Urban",1.74
332378.87,5,1676.86,"Suburban",0.92
427761.37,6,2234.07,"Urban",1.17
303149.2,5,1800.48,"Suburban",0.35
208545.25,2,1127.9,"Suburban",1.35
260994.58,3,1461.38,"Urban",4.93
366839.66,5,2203.04,"Urban",3.18
248820.98,5,1555.71,"Urban",3.99
346347.98,4,1933.38,"Urban",0.22
273997.3,2,1805.69,"Suburban",3.91
319849.14,4,1601.46,"Urban",4.91
310643.59,4,1659.69,"Suburban",3.71
350562.09,5,1956.69,"Suburban",2.69
230212.64,1,1883.83,"Rural",2.14
299814.46,2,2293.87,"Suburban",3.65
320744.18,6,1720.07,"Urban",4.23
224354.99,2,1430.72,"Rural",3.36
361491.89,8,1866.36,"Urban",4.63
311798.41,3,2082.13,"Suburban",3.44
436005.99,6,2712.79,"Rural",0.39
346305.71,6,1614.53,"Urban",3.24
336788.72,4,1669.46,"Urban",0.72
351384.64,5,2153,"Urban",4.54
326271.59,4,2312.51,"Suburban",1.25
349390.87,9,1536.53,"Suburban",1.37
232655.27,2,2065.83,"Rural",3.53
232536.73,2,1573.94,"Suburban",4.88
296258.74,5,1415.13,"Suburban",0.15
310918.36,4,2049.34,"Suburban",2.99
308738.08,3,1842.6,"Suburban",2.24
485211.68,10,1955.73,"Urban",1.75
309765.29,3,1567.8,"Urban",0.46
371389.9,4,2517.99,"Suburban",4.58
300708.98,2,2066.12,"Urban",1.89
263583.92,5,1650.24,"Rural",2.93
361159.19,3,2081.1,"Urban",0.36
323931.35,5,1314.19,"Urban",0.78
230747.8,2,1744.9,"Rural",4.41
425312.58,7,2361.34,"Suburban",0.13
293030.76,3,1724.46,"Suburban",2.02
310224.25,4,2164.2,"Suburban",2.45
269490.96,2,1711.23,"Suburban",2.17
175651.36,6,880.79,"Suburban",4.2
319731.79,7,1447.91,"Suburban",4.67
328670.42,1,1889.09,"Urban",0.72
397976.4,4,2378.62,"Urban",1.05
330941.99,3,1562.64,"Suburban",0.12
341391.96,6,1910.39,"Suburban",0.4
315897.53,4,1414.07,"Urban",4.21
274096.2,1,1393.42,"Urban",1.41
356156.51,3,1489.07,"Urban",1.68
356952.91,3,2347.62,"Rural",1.36
377495.95,4,2176.12,"Suburban",0.37
320469.71,3,2037.47,"Suburban",3.22
315398.58,1,2246.19,"Suburban",2.53
253408.32,2,1630.23,"Rural",1.94
407242.72,5,2103.83,"Urban",1.38
405476.24,7,1883.85,"Suburban",0.49
276904.26,3,1380.36,"Urban",1.49
322340.34,2,1467.58,"Urban",2.19
303512.48,3,1820.02,"Suburban",0.34
289851.18,4,1882.25,"Urban",3.65
338921.92,4,1671.46,"Urban",4.56
248144.6,5,1401.4,"Suburban",0.54
238913.77,3,963.64,"Urban",1.7
247797.3,4,1970.09,"Rural",4.22
244576.07,1,1681.89,"Rural",3.48
331282.69,2,2019.66,"Urban",3.83
245882.8,5,1181.64,"Urban",4.6
294490.08,6,1298.67,"Suburban",4.67
317284.81,4,1755.47,"Suburban",0.6
299061.01,4,1234.87,"Urban",1.92
236391.12,1,1006.82,"Urban",2.08
249329.95,2,2113.44,"Rural",3.35
360136.56,6,2160.35,"Suburban",4.24
164673.39,2,1388.01,"Suburban",1.04
311021.32,3,1691.18,"Urban",0.32
373631.06,8,1346.41,"Urban",2.05
297942.45,4,1926.57,"Rural",4.41
285089.37,3,1788.13,"Rural",0.82
263827.7,4,1452.22,"Suburban",3.6
232008.6,1,1490.31,"Suburban",4.31
243918.55,2,1375.17,"Urban",0.72
298541.82,5,1974.55,"Rural",0.46
284343.96,2,2028.4,"Suburban",0.14
316175.78,4,1950.59,"Suburban",3.68
329887.42,7,1462.84,"Suburban",0.41
219890.51,2,1085.53,"Suburban",1.31
392642.05,8,2012.35,"Suburban",2.54
326196.28,1,1729.18,"Urban",0.82
396083.37,5,1784.24,"Urban",2.45
254810.96,4,2212.85,"Rural",4.65
296181.72,4,1442.59,"Suburban",0.14
325438.22,6,2257.61,"Rural",2.76
307555.35,4,1634.72,"Suburban",4.78
331932.73,5,1514.72,"Urban",3.19
294798.36,4,1717.7,"Rural",2.84
290072.13,3,1956.01,"Urban",2.93
325180.02,3,1717.11,"Urban",0.5
287445.34,3,1439.8,"Suburban",3.74
336851.96,6,1687.35,"Urban",0.74
181187.31,4,783.23,"Urban",4.66
308358,5,1596.6,"Urban",4
296830.82,4,1982.39,"Suburban",2.67
279786.84,3,1732.3,"Rural",1.68
314189.05,5,2075.33,"Suburban",4.46
326219.48,4,1994.39,"Urban",4.62
259160.04,3,2058.26,"Rural",0.15
379820.47,4,2062.42,"Urban",0.88
301084.38,6,1104.57,"Urban",3.7
284375.47,4,1801.66,"Urban",3.41
416890.54,3,2452.03,"Urban",3.35
268359.8,6,1607.81,"Suburban",4.32
343584.91,3,1981.12,"Urban",2.9
306985.66,3,1857.36,"Suburban",1.12
338647.39,5,2022.8,"Urban",2.8
281793.32,5,1691.19,"Suburban",3.22
369018,6,1540.68,"Urban",1.69
340821.16,4,1828.78,"Urban",1.26
267159.42,1,1883.13,"Suburban",1.41
303085.5,4,1725.87,"Suburban",4.67
298039.04,4,1812.58,"Suburban",4.33
331127.42,6,1964.54,"Suburban",3.53
292149.84,5,1489.53,"Suburban",2.19
299788.89,4,2255.87,"Suburban",3.23
380497.01,2,2680.3,"Urban",4.42
418888.25,2,2390.88,"Urban",3.24
325636.48,5,1618.23,"Urban",1.81
164018.15,2,1070.85,"Rural",0.79
341533.77,3,1821.68,"Suburban",0.86
308925.4,3,2152.11,"Rural",3.29
356551.73,6,2111.24,"Rural",4.64
235022.09,3,1308.1,"Suburban",4.82
253884.12,5,1354.74,"Rural",2.36
300175.68,2,1853.5,"Suburban",1.98
298766.25,5,2050.43,"Suburban",4.45
342710.73,3,2149.17,"Urban",4.41
390825.36,4,2126.56,"Urban",0.63
283079.05,1,1412.81,"Suburban",1.15
282289.96,5,1274.96,"Suburban",3.24
271759.48,3,994.99,"Suburban",0.23
371437.5,7,2001.97,"Suburban",1.94
333445.41,3,2131.24,"Urban",1.18
359969.34,8,1934.34,"Urban",4.88
252045.22,3,1376.35,"Urban",0.24
262581.81,4,2427.09,"Rural",4.53
253399.39,4,1651.94,"Rural",1.31
333016.51,1,2511.62,"Urban",3.59
405131.29,4,2020.56,"Urban",1.18
306026.17,4,2276.12,"Suburban",1.6
277392.71,3,1932.24,"Rural",1.95
240974.96,4,1774.14,"Rural",4.2
294495.78,4,1394.98,"Suburban",0.59
260047.09,4,1576.59,"Rural",3.85
255241.99,2,1781.16,"Urban",4.71
337504.19,5,1912.83,"Suburban",0.46
341272.38,5,1786.71,"Urban",1.99
305955.68,6,1728.81,"Urban",4.42
349671.89,4,1873.39,"Urban",1.4
240765.01,3,1590.25,"Suburban",4.04
259231.97,4,1585.63,"Suburban",2.48
168724.64,3,1217.72,"Rural",2.19
303316.29,3,2138.51,"Suburban",4.66
329641.98,5,1818.77,"Urban",4.95
343930.8,7,1766.55,"Urban",3.55
260000.63,3,1503.63,"Rural",4.17
292659.49,5,1700.89,"Urban",3.45
288129.53,4,1365.29,"Urban",1.59
252769.66,4,1380.28,"Suburban",0.43
220802.92,1,1032.42,"Urban",4.14
324860.9,1,2192.68,"Suburban",2.86
224562.87,2,1850.39,"Urban",3.33
178762.29,1,1353.29,"Rural",0.52
261768.2,2,2265.51,"Suburban",2.21
393124.73,4,2049.84,"Urban",4.62
323072.98,2,2096.95,"Suburban",0.1
274574.22,5,1709.69,"Rural",4.32
274745.01,3,1630.85,"Suburban",1.73
272331.12,4,1760.78,"Urban",3.38
312848.77,5,1961.88,"Urban",2.6
289559.62,2,2119.97,"Rural",3.61
393640.05,6,2435.79,"Suburban",3.85
299661.28,4,1596.37,"Urban",1.01
195676.29,3,1393.77,"Suburban",3.23
349966.13,3,1840.34,"Urban",1.23
329790.25,2,3008.84,"Rural",2.99
256128.23,4,1628.55,"Suburban",4.72
322036.61,2,2258.27,"Suburban",4.68
248887.71,2,1702.76,"Suburban",0.61
196531.9,3,1608.58,"Rural",2.45
325402.97,2,1515.83,"Urban",3.02
274387.21,3,1715.5,"Suburban",0.81
396881.29,4,2456.71,"Rural",1.57
320208.07,5,1920.74,"Suburban",1.61
392467.87,6,1994.93,"Urban",2.48
336724.51,3,2135.49,"Suburban",2.19
380714.89,7,2628.7,"Suburban",3.98
271990.84,1,2110.25,"Suburban",1.49
322108.12,4,1229.16,"Urban",3.35
275949.72,4,1386.6,"Suburban",0.25
234198.47,3,1164.22,"Suburban",4.88
187672.6,6,660.58,"Urban",3.65
367141.62,2,2316.29,"Urban",4.06
259563.02,6,1602.51,"Rural",3.95
310759.22,2,1957.99,"Urban",2.47
356308.1,3,2272.65,"Urban",1.23
296227.36,6,1595.27,"Rural",0.14
233313.74,2,1746.01,"Rural",3.38
247812.45,3,1940.1,"Suburban",2.4
364466.44,9,1890.35,"Suburban",1.94
316781.37,5,1490.27,"Urban",3.85
329735.04,4,2092.33,"Suburban",1.98
314193.08,3,2018.25,"Suburban",1.97
300214.6,4,1684.62,"Urban",3.66
285772.34,5,1311.05,"Suburban",4.61
363672.43,5,2053.33,"Urban",3.34
379760.99,4,2371.01,"Urban",3.12
384164.37,2,2352.21,"Urban",1.47
419831.93,3,2149.05,"Urban",2.37
262094.55,3,1606.75,"Rural",1.24
341654.61,3,1587.46,"Urban",0.86
183241.39,2,1564.93,"Rural",3.56
303824.44,4,1635.32,"Suburban",0.24
311530.52,3,2083.67,"Suburban",0.88
397536.95,5,1902.56,"Urban",0.57
239831.89,4,1057.46,"Suburban",1.28
304235.6,7,1055.76,"Urban",4.45
332820.25,2,1790.87,"Suburban",4.59
318300.42,7,1859.98,"Suburban",4.12
236419.06,5,877.01,"Suburban",2.86
301474.56,7,1473.42,"Urban",3.75
315498.28,4,1811.02,"Urban",1.71
341278.61,2,2384.71,"Rural",1.3
231468.15,2,994.85,"Urban",0.69
299131.81,5,1297.82,"Urban",3.28
224577.98,4,1367.88,"Suburban",3.84
324433.41,3,1870.16,"Urban",1.71
336441.29,5,1932.34,"Urban",1.52
303335.37,3,1671.72,"Urban",4.58
236128.82,6,1155.07,"Suburban",2.74
280639.48,4,1547.78,"Urban",4.32
264200.56,3,1575.81,"Urban",4.43
374353.04,7,1718.97,"Urban",2.15
385866.66,4,2449.15,"Urban",2.12
219595,2,1529.29,"Suburban",0.56
297373.97,4,1830.51,"Suburban",4.26
364751.32,8,1517.84,"Urban",4.99
359745.94,7,1303.91,"Suburban",0.72
306253.85,4,2054.38,"Urban",3.2
348407.31,6,1379.75,"Suburban",0.29
355605.26,3,2894.08,"Suburban",3.51
337658.84,5,1837.03,"Urban",3.18
316118.05,5,1824.1,"Urban",1.87
312754.76,3,1773.38,"Suburban",4.43
322935.28,3,2537.46,"Rural",3.75
332715.6,4,2065.57,"Suburban",1.57
325065.2,6,1699.6,"Suburban",3.5
357555.93,5,1333.52,"Suburban",2.06
258676.78,4,1384.51,"Urban",3.76
238994.99,2,1486,"Suburban",4.13
378310.4,4,2285.98,"Urban",2.9
289050.46,1,1724.41,"Urban",1.69
286603.03,4,1497.12,"Rural",0.82
366847.63,5,2116.82,"Suburban",0.74
384843.32,5,2338.07,"Suburban",0.2
262887.7,2,1522.19,"Suburban",1.1
282710.6,4,1622.03,"Urban",3.51
372381.45,4,1938.11,"Suburban",2.21
354678.56,3,1798.06,"Suburban",0.74
339159.24,4,1962.55,"Urban",0.4
312199.62,5,2485.68,"Suburban",4.34
329375.89,5,1775.85,"Rural",3.97
254982.35,2,1687.72,"Rural",1.07
268339.92,4,1994.17,"Suburban",3.61
335580.07,5,1780.26,"Urban",0.39
297064.88,3,2051.11,"Urban",4.02
279983.92,5,1710.41,"Rural",2.5
291880.76,6,1977.41,"Rural",4.7
269573.85,2,1174.5,"Urban",3.64
387725.27,7,1805.56,"Suburban",4.21
279558.44,5,1593.51,"Rural",4.01
249621.27,5,1323.78,"Suburban",4.64
250367.07,2,1634.77,"Rural",3.33
282411.63,1,1948.8,"Urban",1.88
341483.04,6,1836.94,"Urban",2.84
358271.63,7,2077.39,"Suburban",4.4
274150.78,2,2176.36,"Rural",2.24
355639.41,4,2131.39,"Urban",0.53
273596.41,4,1670.2,"Rural",1.82
233685.7,5,1268.74,"Suburban",3.68
244414.15,2,1687.87,"Rural",4.8
333167.02,5,2267.86,"Suburban",4.76
241953.1,3,1751.41,"Rural",2.17
243390.9,4,1145.08,"Urban",4.9
411672.66,5,1996.55,"Urban",1.73
354725.25,4,1912.73,"Urban",3.11
426702.39,11,1639.76,"Urban",2.9
326406.36,6,1869.34,"Rural",3.91
395048.05,6,2347.76,"Urban",0.9
415049.96,5,2319.68,"Suburban",0.79
231930.62,2,1617.48,"Rural",1.26
333841.88,6,1804.27,"Urban",0.41
199911.26,5,1218.36,"Rural",3.66
334680.49,9,1508.9,"Suburban",2.53
426119.13,1,2603.3,"Urban",0.6
310116.83,5,2399.2,"Suburban",3.11
309262.6,3,1708.3,"Urban",0.77
245034.34,4,1523.01,"Suburban",2.29
241902.77,6,1253.35,"Rural",3.94
381547.67,1,2650.42,"Urban",1.13
275412.76,1,1845.85,"Suburban",4.48
380853.48,10,1562.42,"Rural",0.64
366063.1,5,2231.23,"Rural",0.43
311686.34,3,1360.17,"Urban",4.15
301612.4,5,2090.63,"Suburban",3.75
404018.99,9,2376.35,"Suburban",4.23
326410.92,3,1715.93,"Urban",3.64
312639.08,4,2380.51,"Rural",2.24
258264.78,4,2056.62,"Rural",2.49
340188.08,7,1528.48,"Urban",4.77
440766.25,8,2029.73,"Urban",2.08
285679.02,4,1518.19,"Urban",2.58
188153.07,3,1586.41,"Suburban",1.84
329466.36,5,2109.75,"Urban",4.2
224590.75,4,1609.75,"Suburban",4.84
319266.68,4,1790.23,"Urban",1.33
345752.52,4,2207.6,"Urban",4.16
302249.66,4,1317.77,"Urban",3.67
309681.41,4,2438.12,"Suburban",3.93
353347.72,4,2616.78,"Suburban",3.75
377494.5,7,2045.79,"Urban",2.49
354869.15,6,1968.77,"Rural",3.11
239355.46,3,1601.43,"Urban",3.88
273626.15,3,1996.38,"Urban",4.33
315147.69,3,1599.21,"Urban",3.87
299231.42,1,1915.27,"Urban",2.29
260940.23,3,1525.35,"Urban",3.64
283214.97,3,2115.36,"Rural",0.21
261628.13,2,2076.55,"Urban",1.06
377656.88,5,2297.2,"Suburban",1.9
337548.21,1,2592.88,"Suburban",1.56
281059.52,5,1541.42,"Rural",3.9
342285.13,4,2186.48,"Suburban",0.26
336180.49,5,1229.09,"Urban",0.25
259794.67,1,1617.01,"Suburban",0.56
362570.5,1,2178.19,"Urban",0.31
181744.78,3,1504.64,"Suburban",4.98
342857.38,4,1938.26,"Suburban",2.59
268791.63,3,1439.82,"Suburban",2.96
352272.56,6,1651.86,"Suburban",2.79
316175.15,5,1783.68,"Suburban",1.94
257361.9,6,1555.07,"Suburban",4.45
197706.76,3,1021.66,"Suburban",3.15
287926.3,3,1897.24,"Rural",2.43
377643.05,3,1989.96,"Urban",0.35
292358.74,3,1854.69,"Rural",3.5
305779.08,3,1604.5,"Urban",0.96
393725.94,7,2160.08,"Rural",3.08
270008.6,4,2231.01,"Rural",4.93
98629.89,1,850.53,"Urban",3.88
364207.41,5,2249.83,"Suburban",2.83
199793.68,3,1088.18,"Suburban",4.12
274457.02,4,1662.18,"Urban",2.83
260369.59,5,1356.33,"Rural",0.55
207273.1,3,1547.96,"Suburban",4.43
307132.07,2,2326.75,"Suburban",1.31
410718.94,4,2013.81,"Urban",0.33
245052.32,4,1997.56,"Urban",4.12
273915.14,8,968.8,"Suburban",4.07
402787.33,8,1878.53,"Urban",0.17
270727.29,2,2051.52,"Suburban",3.22
357396.41,4,2144.38,"Suburban",0.12
217268.99,3,1410.7,"Rural",0.54
303923.96,3,2175.02,"Suburban",2.82
170370.84,3,1241.92,"Rural",0.9
461566.72,5,2495.5,"Urban",2.62
325496.39,3,1480.55,"Urban",0.59
252503.56,3,2106.01,"Rural",1.88
415667.37,9,1927.16,"Urban",1.58
279997.68,5,1374.56,"Suburban",4.03
303628.42,3,2257.7,"Suburban",3.78
317241.02,6,1813.35,"Suburban",4.43
348928.43,3,2127.36,"Urban",2.79
343964.91,4,1887.28,"Suburban",4.21
298950.24,2,2147.4,"Suburban",0.28
266196.23,2,1808.67,"Rural",2.21
339126.36,6,2246.09,"Suburban",4.71
247618.46,2,1659.13,"Suburban",2.5
325198.25,6,2010.92,"Rural",1.8
304387.89,3,1951.43,"Suburban",3.14
329723.72,1,2137.54,"Urban",1.53
294275.33,5,1551.58,"Suburban",0.18
267086.7,3,1871.08,"Rural",1.83
252427.04,1,1567.93,"Suburban",0.87
316367.5,5,2163.46,"Rural",4.69
177604.48,1,1545.33,"Suburban",3.96
390823.81,4,2492.9,"Urban",2.73
396422.8,3,2116.15,"Urban",3.03
329685.45,4,1794.52,"Urban",0.34
410248.04,5,2282.48,"Urban",0.57
323287.79,2,1766.16,"Urban",2.9
269772.38,2,2025.3,"Urban",4.52
201631.15,2,2011.28,"Rural",4.99
359267.63,5,1969.22,"Suburban",3.47
278898.1,4,1561.29,"Suburban",4.51
255299.33,4,1299.66,"Urban",1.44
238467.74,3,1127.36,"Rural",1.7
311426.64,4,1617.48,"Suburban",2.57
374237.85,3,2073.12,"Suburban",1.32
237710.5,5,1704.39,"Rural",2.68
337757.31,6,1318.66,"Urban",3.17
438363.85,5,2662.59,"Urban",1.98
301101.5,4,2080.8,"Urban",2.45
339983.19,3,2578.65,"Suburban",2.19
372923.22,2,2285.21,"Urban",2.22
330480.08,4,1555.45,"Urban",2.26
197526.33,2,1635.23,"Rural",0.22
247753.45,5,1223.73,"Suburban",3.75
247177.43,3,2096.19,"Suburban",3.94
377744.94,4,2449.46,"Suburban",4.22
275473.91,2,1431.81,"Urban",2.81
310684.22,3,1319.12,"Urban",3.58
347927.02,6,2153.07,"Suburban",3.69
250933.64,5,1193.41,"Suburban",4.8
314477.04,1,2568.64,"Suburban",2.09
343887.6,6,2028.85,"Urban",3.69
254985.01,2,1114.04,"Urban",3.23
366536.49,4,1941.97,"Urban",3.17
308287.62,4,1842.07,"Suburban",3.23
202802.88,4,812.63,"Suburban",4.02
354834.26,5,1783.26,"Urban",2.25
290464.41,4,1565.1,"Suburban",2.29
343748.25,9,1445.08,"Suburban",2.68
289086.72,8,1895.49,"Rural",3.86
244039.7,3,2140.36,"Suburban",4.37
310415.44,4,2490.8,"Suburban",4.89
223496.47,3,747,"Suburban",1.7
298950.51,4,2097.44,"Suburban",2.15
276029.39,3,1419.06,"Urban",4.86
311119.65,1,2262.53,"Suburban",4.26
290270.42,1,1938.34,"Urban",4.26
306712.09,2,2377.98,"Rural",2.6
280724.83,5,1206.9,"Suburban",1.81
407594.39,4,1997.85,"Urban",1.21
323587.41,6,1918.06,"Suburban",4.77
347689.35,4,2219.14,"Urban",4.37
226699.32,2,1707.53,"Suburban",4.42
396545.68,4,2257.61,"Urban",3.42
296802.37,6,1622.02,"Suburban",4.81
364950.4,5,1628.31,"Urban",1.94
267999,4,1810.15,"Suburban",1.56
240076.57,3,1372.3,"Urban",4.81
310411.93,5,1617.37,"Urban",3.6
437480.41,6,2244,"Urban",0.26
416413.67,6,2460.73,"Suburban",2.41
278669.13,2,2245.7,"Rural",2.43
282247.27,3,1630.05,"Suburban",1.57
250818.83,2,1927.39,"Suburban",2.15
396484.01,5,1839.4,"Urban",4.18
243560.38,2,1296.39,"Urban",2.29
348390.6,6,1902.96,"Suburban",1.12
299113.16,5,1470.28,"Urban",2.79
263981.84,7,1375.75,"Suburban",3.6
366287.69,4,2090.2,"Urban",4.85
306751.47,7,1516.83,"Urban",0.68
318152.57,5,1742.38,"Suburban",0.19
300636.22,6,1410.51,"Suburban",1.77
259008.24,3,1822.38,"Urban",4.27
335029.26,2,1996.94,"Urban",4.59
301036.61,3,2001.02,"Suburban",1.2
339778.46,5,1369.9,"Urban",0.25
267592.93,3,2303.22,"Suburban",4.15
370121.51,3,2397.19,"Urban",2.03
248348.06,1,1949.16,"Rural",1.7
250578.28,4,1862.99,"Rural",0.65
288278.23,2,1830.94,"Suburban",4.05
353277.83,6,1903.02,"Suburban",1.9
315258.51,2,1950.57,"Urban",2.12
366782.11,5,1854.73,"Urban",1.13
333095.69,6,2061.53,"Rural",1.43
252397.59,1,1665.69,"Suburban",3.66
350518.15,3,2251.74,"Suburban",0.64
313131.34,4,1784.93,"Rural",2.69
275235.42,5,1097.72,"Urban",0.88
290520.51,3,1760.11,"Rural",0.84
372230.51,7,1978.81,"Suburban",1.86
356174.62,3,2292.01,"Rural",4.11
333476.58,4,1824.08,"Urban",2.47
247167.29,3,1023.97,"Urban",1.76
311534.93,4,1801.93,"Urban",3.51
233265.66,4,1320.32,"Urban",0.77
187540.03,1,1409.56,"Urban",2.4
267173.9,5,1389.75,"Suburban",2.84
240036.78,3,1480.31,"Suburban",4.47
324897.09,5,2254.85,"Rural",0.61
330169.45,4,1467.39,"Urban",0.63
326971.78,4,1624.37,"Suburban",2.04
350121.09,4,1873.67,"Suburban",3.58
257948.48,3,2156.15,"Suburban",2.16
269667.43,3,1533.32,"Suburban",4.12
341590.4,4,1469.51,"Urban",0.47
351962.04,10,1592.55,"Rural",3.51
265886.71,3,1331.31,"Suburban",3.26
318979.08,3,2168.01,"Suburban",2.3
188203.42,1,927.22,"Urban",2.61
346671.84,4,1588.92,"Urban",1.6
251255.49,4,1223.54,"Urban",2.6
309593.79,5,1017.29,"Urban",0.49
275215.42,7,1811.46,"Rural",4.61
390713.66,4,2415.29,"Urban",0.4
300163.54,2,2453.86,"Suburban",4.28
308492.63,3,1574.89,"Urban",3.81
317845.35,6,1521.22,"Suburban",0.31
359095.25,6,1584.71,"Urban",1.94
447605.32,6,2084.04,"Suburban",0.26
259348.76,7,775.32,"Urban",0.42
352323.69,5,1899.08,"Rural",0.3
294410.79,4,1637.78,"Suburban",3.51
272224.47,2,1502.42,"Urban",2.31
187718.37,5,997.55,"Suburban",3.95
374650.95,2,1717.67,"Urban",2.81
202840.76,4,1140.38,"Suburban",0.18
333447.25,7,1793.88,"Suburban",1
339261.59,6,1442.04,"Urban",4.84
284476.92,5,1818.53,"Suburban",0.72
255886.04,2,1984.4,"Rural",4.47
264212.83,4,1598.5,"Urban",2.33
362898.53,9,1391.04,"Suburban",0.6
309231.37,4,1555.3,"Rural",2.7
275213.38,3,1533.04,"Suburban",1.13
243745.23,2,1202.69,"Suburban",0.12
256970.97,2,1487.75,"Suburban",2.95
285107.06,6,1722.64,"Suburban",4.16
241354.45,3,1711.67,"Suburban",3.25
293603.45,7,1931.82,"Rural",4.83
347015.67,4,2316.75,"Rural",0.67
245420.44,4,1933.47,"Rural",3.22
440718.56,7,2390.31,"Urban",1.38
287110.74,2,1540.83,"Suburban",0.12
317664.87,6,2340.27,"Rural",4.99
339511.63,3,2037.36,"Urban",2.19
274374.17,4,1323.32,"Urban",4.15
291393.71,3,1960.87,"Urban",1.42
198717.96,2,1304.92,"Suburban",4.6
360101.29,5,2178.89,"Urban",0.83
281584.76,2,1584.1,"Urban",1.15
334340.54,5,1705.56,"Urban",4.55
295948.07,4,1528.19,"Suburban",1.96
225949.94,2,1459.13,"Suburban",0.41
452730.42,9,2480.86,"Urban",0.53
371468.23,4,2196.72,"Rural",1.44
248535.22,1,2070.09,"Urban",3.24
304968.96,7,1829.45,"Suburban",3.71
380107.75,6,2094.53,"Urban",2.45
372447.41,4,2064.69,"Urban",0.23
310668.02,3,2441.41,"Suburban",4.95
341601.63,5,2140.02,"Urban",2.1
308414.61,7,1717.52,"Rural",1.94
286234.31,6,1714.04,"Suburban",2.08
205779.2,2,1612.77,"Rural",2.57
340366.51,8,1654.5,"Rural",0.97
333838.69,4,1705.33,"Suburban",0.95
310707.85,1,2289.15,"Rural",2.03
230166.93,2,868.66,"Urban",3
178742.61,1,1519.26,"Rural",3.74
252725.44,6,1746.85,"Rural",1.16
250414.07,5,1286.7,"Urban",2.05
413682.47,7,2447.64,"Rural",0.83
238969.72,3,1706.42,"Urban",2.26
338773.12,8,1353.23,"Suburban",2.35
291177.02,6,1443.35,"Suburban",2.97
389320.2,5,2148.96,"Rural",1
360120.4,4,2547.6,"Suburban",4.29
302320.38,8,1750.29,"Suburban",1.05
296291.81,4,1842.81,"Rural",2.84
346890.54,6,1420.59,"Urban",3.5
370398.98,3,2326.66,"Urban",0.62
335496.25,4,2089.06,"Urban",4.32
274588.25,7,868.3,"Urban",4.92
284374.27,5,1541.91,"Suburban",4.06
269284.51,1,1706.35,"Urban",3.24
257011.63,2,1356.74,"Urban",2.54
336884.75,4,1690.71,"Suburban",3.96
285780.18,4,1346.62,"Suburban",2.73
477519.67,9,1943.72,"Urban",2.91
341697.53,6,1934.26,"Suburban",1.2
327088.62,3,2124.39,"Urban",3.5
347389.96,5,1966.58,"Urban",3.12
426603.51,6,2437.65,"Suburban",1.1
369299.14,5,1645.54,"Urban",4.22
271348.78,4,938.68,"Urban",0.65
244207.66,2,1810.26,"Rural",0.91
319481.58,4,2059.94,"Suburban",4.47
275116.28,3,1639.51,"Urban",4.22
387517.24,4,2360.35,"Urban",1.6
308829.84,3,2237.91,"Suburban",1.36
339337.39,3,2015,"Urban",2.68
298234.02,5,1827.91,"Suburban",3.37
264011.3,4,1579.4,"Urban",4.18
309270.89,2,1729.22,"Urban",0.5
329406.2,3,1987.67,"Suburban",1.1
315931.3,5,2187.12,"Rural",2.88
300958.95,4,1681.55,"Urban",3.7
247564.61,2,1508.7,"Urban",4.53
436427.77,2,2790.24,"Urban",1.53
418293.87,7,2007.42,"Urban",2.4
256145.86,3,1438.56,"Suburban",1.49
371944.76,5,2172.39,"Urban",0.38
372905.01,6,1824.67,"Urban",1.39
232020.1,3,2130.72,"Rural",4.75
303906.34,1,1820.72,"Urban",4.51
319878.08,4,1776.63,"Suburban",1.11
331941.8,6,1836.24,"Rural",4.54
317049.3,3,1965.11,"Rural",0.9
257652.17,3,1555.97,"Suburban",4.59
298474.71,4,1537.85,"Urban",1.42
325044.81,7,1726.09,"Suburban",3.63
284080.43,4,1868.52,"Suburban",0.88
299958.15,4,1673.05,"Suburban",0.17
344136.89,2,1926.79,"Urban",2.93
252007.88,6,1359.31,"Rural",3.62
227087.66,3,1227.62,"Suburban",3.19
388692.66,5,2556.8,"Urban",4.87
390777.57,4,1959.15,"Urban",1.86
266801.89,2,1641.19,"Suburban",2.89
326371.56,7,1688.02,"Urban",3.99
388139.34,4,2114.05,"Urban",0.24
377694.7,6,1715.87,"Urban",3.39
284591.79,4,1876.85,"Suburban",4.41
290897.78,3,1694.11,"Suburban",0.59
292486.29,4,1599.44,"Urban",3.38
397659.54,5,2040.88,"Urban",3.75
302222.25,5,1856.6,"Rural",1.5
446318.35,4,2320.73,"Suburban",0.58
241266.63,4,1349.84,"Urban",0.55
294090.29,4,1745.88,"Suburban",2.39
292435.48,4,1716.4,"Rural",1.99
253114.04,4,1370.06,"Suburban",2.02
348999.34,1,2199.14,"Suburban",3.49
381250.02,9,1757.04,"Suburban",1.14
184629.28,3,1245.78,"Rural",0.49
218242.36,2,1563.14,"Suburban",4.36
312126.21,6,1357.87,"Urban",2.11
313957.03,4,2215.64,"Rural",2.6
427278.76,6,2817.16,"Suburban",3.66
294553.98,1,1530.51,"Urban",3.52
347730.21,6,1763.11,"Urban",1
342638.4,5,1911.89,"Urban",2.46
381751.13,5,2883.58,"Rural",3.91
184088.41,6,868.4,"Rural",1.02
281365.95,4,1594.42,"Suburban",3.04
266317.35,7,1318.88,"Rural",3.63
263310.72,3,1708.95,"Urban",3.32
187421.77,1,1689.64,"Rural",1.14
251009.27,3,1508.08,"Suburban",2.84
355728.49,5,2533.66,"Suburban",4.03
364519.28,3,1902.83,"Urban",0.3
374133.24,7,2757.43,"Rural",4.96
357746.37,5,2129.45,"Urban",4.73
271973.73,3,1293.88,"Urban",3.21
277221.87,4,1498.6,"Urban",2.44
343314.92,3,1909.22,"Urban",3.78
281764.84,5,1568.84,"Suburban",4.91
404802.71,4,1941.72,"Urban",3.38
280878.17,1,2093.03,"Suburban",1.74
271866.1,4,1968.45,"Urban",4.48
347252.96,3,1746.15,"Urban",2.19
304592.15,5,1542.58,"Suburban",0.62
236309.43,3,1284.27,"Rural",4.41
357204.18,6,1936.36,"Urban",0.93
428141.94,6,2168.93,"Suburban",4.74
337782.87,4,1768.13,"Suburban",2.69
273492.91,2,2101.45,"Rural",1.32
423134.55,4,2691.01,"Suburban",2.43
410199.75,4,2573.53,"Urban",1.85
429143.62,9,1602.04,"Suburban",0.71
324833.29,3,2018.68,"Urban",1.77
309693.49,5,1519.12,"Suburban",0.29
300112.22,7,2075.93,"Rural",3.94
331665.36,4,1776.65,"Urban",1.66
260254.56,5,1911.04,"Rural",3.59
299704.94,2,1456.39,"Urban",4.76
375887.59,6,2282.15,"Suburban",1.58
259180.62,4,1766.33,"Suburban",4.94
343950.72,3,1621.63,"Urban",0.87
247915.16,3,1769.35,"Urban",4.01
331988.52,6,1830.56,"Rural",2.84
361257.48,4,2454.75,"Suburban",0.36
276863.05,5,1355.71,"Suburban",2.43
362104.45,3,2783.6,"Urban",3.89
334480.27,6,1490.68,"Urban",4.15
298701.9,3,1869.86,"Rural",1.54
259180.45,3,976.74,"Urban",0.49
206483.86,3,1538.22,"Rural",2.8
383707.58,7,2092.71,"Suburban",3.54
258078.38,3,2002.09,"Rural",3.78
248241.01,2,1964.23,"Rural",4.21
280204.62,6,1613.29,"Suburban",4.76
307199.37,3,1062.57,"Urban",3.39
231747.35,6,1370.87,"Suburban",2.81
292487.63,2,1708.07,"Suburban",0.91
406974.65,3,2048.65,"Urban",1.28
338411.79,3,2134.98,"Urban",0.59
180403.48,1,1678.84,"Suburban",3.91
228274.44,5,1739.38,"Rural",4.26
239938.71,3,1734.86,"Rural",3.99
340626.1,3,1823.14,"Urban",4.9
354078.75,3,2414.86,"Suburban",4.1
260607.71,4,1509.31,"Rural",0.66
276420.4,4,1718.09,"Urban",4.38
349166.65,9,1831.49,"Suburban",3.3
228630.48,3,1264.69,"Suburban",3.11
323478.74,5,1431.59,"Urban",0.84
375747.67,8,1880.1,"Suburban",0.95
303382.77,4,1970.83,"Urban",1.04
365674.72,3,2256.04,"Urban",2.81
292925.28,6,1613.72,"Suburban",3.93
298314.89,2,2381.56,"Suburban",0.29
196558.31,4,1454.18,"Rural",0.84
195964.75,4,1161.49,"Rural",4.39
193635.49,3,1021.59,"Suburban",0.81
251227.61,2,2241.62,"Suburban",3.5
325606.08,6,1921.95,"Suburban",4.21
328993.9,4,1747.83,"Urban",3.82
355926.17,4,1682.55,"Urban",1.65
330789.19,4,2434.5,"Suburban",2.86
395443.46,5,2280.46,"Urban",2.07
282624.5,4,1398.5,"Rural",0.14
169531.06,4,1243.59,"Rural",2.52
356234.7,2,2234.12,"Suburban",1.43
386079.75,4,2024.24,"Suburban",1.38
214224.81,4,1595.61,"Rural",4.15
272359.42,4,1958.58,"Rural",3.68
107551.39,4,990.71,"Suburban",2.02
214227.45,2,1533.94,"Urban",2.46
344376.87,2,1974,"Urban",4.01
224767.07,5,1770.84,"Suburban",2.5
264062.21,6,1287.24,"Rural",0.95
296352.19,2,2206.11,"Urban",3.99
350125.62,5,2265.22,"Suburban",3.05
271120.32,4,1423.98,"Urban",2.84
339609.71,9,1725.81,"Rural",1.53
347713.94,4,2092.25,"Urban",3.38
326708.43,4,2145.49,"Rural",1.36
241082.61,3,1588.5,"Rural",0.49
270362.6,4,1448.58,"Rural",2.19
222898.98,2,1938.03,"Rural",2.41
203544.7,4,1033.59,"Suburban",4.79
218507.15,7,1419.97,"Rural",1.93
372579.41,4,2109.43,"Urban",2.88
229396.14,4,1118.48,"Suburban",3.36
226943.46,1,1319.69,"Suburban",2.98
200841.97,1,1703.69,"Suburban",2.84
238780.51,1,1679.17,"Urban",4.73
191802.09,2,1098.38,"Urban",2.72
292004.49,4,2003.75,"Rural",2
250723.18,5,1391.42,"Suburban",2.34
261477.19,3,1736.78,"Suburban",3.52
358225.14,5,1721.37,"Suburban",0.3
393205.48,4,2078.65,"Suburban",1.25
243061.76,3,1773.61,"Urban",3.92
196661.03,1,1746.26,"Suburban",4.03
390928.6,5,2461.9,"Rural",1.94
332855.3,2,1948.76,"Urban",0.54
359259.29,6,2049.42,"Urban",2
280339.4,2,1989.96,"Rural",2.44
344396.04,5,2028.65,"Urban",1.07
364209.69,6,2334.29,"Suburban",4.36
258917.36,3,1777.16,"Rural",3.11
286969.66,2,1897.14,"Suburban",4.56
397461.16,5,2587.85,"Suburban",4.58
251173.59,3,1587.98,"Rural",2.38
350684.87,3,2316.4,"Suburban",2.28
293736.61,4,1557.17,"Rural",0.14
351940.37,4,2484.06,"Suburban",3.24
237534.28,3,1533.5,"Urban",4.76
341026.86,5,1474.25,"Urban",0.47
391376.74,4,2214.56,"Urban",1.41
350523.37,2,2185.97,"Suburban",0.97
356250.1,9,2020.68,"Suburban",3.84
314069.83,3,1909.28,"Suburban",1.55
313654.65,2,1896.74,"Urban",0.32
373799.07,3,2621.9,"Suburban",4.13
268213,3,1226.99,"Suburban",1.71
268452.82,3,1405.47,"Suburban",2.81
155188.85,3,1288.34,"Rural",4.75
297328.76,1,2184.3,"Urban",2.5
311134.98,7,1701.74,"Suburban",3.21
344559.06,4,1748,"Urban",1.68
329293.03,3,2513.32,"Suburban",3.21
329787.65,6,1568.39,"Suburban",0.42
431411.57,4,2609.12,"Urban",4.1
283202.01,4,1236.22,"Urban",3.34
421001.75,5,2327.13,"Suburban",0.52
286653.06,5,1929.25,"Rural",4.24
291491.89,2,1644.56,"Urban",2.61
282435.5,3,1730.87,"Urban",2.02
409966.21,7,2335.59,"Suburban",3.44
323168.62,2,2481.52,"Urban",1.61
192237.27,5,1128.61,"Suburban",4.37
487604.46,4,3168.44,"Urban",1.27
386559.54,2,2831.18,"Urban",1.12
317157.8,3,1589.87,"Urban",1
299527.73,5,1774.25,"Urban",3
203695.64,2,1534.58,"Rural",3.82
220450.97,3,1762.8,"Suburban",3.76
294217.41,4,2095.94,"Rural",4.95
231360.03,4,1841.35,"Suburban",5
318044.18,3,1876.8,"Suburban",0.33
341624.53,4,2391.52,"Suburban",4.73
165016.69,2,918.45,"Rural",4.35
370383.94,6,1603.42,"Rural",0.14
223417.94,2,1857.77,"Suburban",2.32
257191.41,2,1486.76,"Urban",2.58
387076.7,6,2224.39,"Urban",1.94
213386.11,3,1621.8,"Rural",2.92
256751.91,5,1628.33,"Suburban",2.8
365171.01,3,2275.6,"Urban",3.99
311355.3,4,2133.72,"Rural",2.34
