age,income,education_years,married,owns_home,credit_score,defaulted,successes,trials
56,154100,16,0,1,850,0,7,10
31,34100,13,1,0,606,0,7,10
50,73000,17,0,0,846,0,7,10
41,41300,13,0,0,702,1,5,10
45,50800,16,1,1,843,0,7,10
25,33400,12,0,0,610,1,3,10
28,24600,11,0,0,572,1,3,10
40,57700,16,1,1,795,0,7,10
50,37100,13,1,0,796,0,8,10
38,72300,14,0,0,690,0,8,10
39,129300,13,0,0,736,0,10,10
43,58200,15,0,0,840,0,8,10
42,88800,14,0,0,749,0,9,10
41,63300,14,0,0,730,1,5,10
40,72300,12,0,0,719,0,8,10
38,50900,14,0,0,712,0,9,10
36,45500,13,0,0,677,1,6,10
36,48100,11,0,0,652,0,8,10
41,54600,15,0,0,732,0,10,10
33,52600,16,0,0,712,0,9,10
54,46800,16,0,0,850,0,6,10
43,100100,14,1,1,807,0,7,10
30,138500,14,0,0,684,0,7,10
60,142800,18,0,0,850,0,8,10
39,85300,14,0,0,714,0,9,10
20,44400,10,0,0,474,1,4,10
25,51100,11,0,0,577,1,3,10
42,79400,15,0,0,762,0,8,10
31,30100,12,0,0,632,0,10,10
48,79100,16,1,0,817,0,9,10
31,32200,11,0,0,605,1,5,10
47,60700,14,1,0,752,0,8,10
29,110500,14,0,0,667,0,9,10
55,79400,20,0,0,850,0,9,10
47,59900,17,0,0,805,0,6,10
40,117400,14,0,0,767,0,7,10
42,38500,17,0,1,828,0,8,10
45,41200,13,0,0,777,1,4,10
46,148700,14,0,0,797,0,8,10
24,96900,12,0,0,582,1,6,10
41,47600,14,1,0,708,1,5,10
43,28400,13,1,0,704,1,8,10
47,104200,13,1,0,782,0,9,10
48,28000,13,0,0,750,1,5,10
28,24600,13,0,0,641,1,1,10
45,60700,12,1,0,748,0,8,10
31,48900,11,0,0,584,0,6,10
42,73500,15,0,0,808,0,8,10
33,115800,14,1,0,653,0,8,10
51,200000,16,1,0,850,0,6,10
39,49100,12,0,0,667,1,6,10
41,59100,13,1,0,669,1,6,10
27,45200,12,0,0,565,1,2,10
38,78900,13,1,0,729,0,6,10
50,115700,17,0,1,850,0,8,10
49,157500,17,1,1,850,0,7,10
33,40000,14,1,0,630,1,6,10
46,78300,14,1,0,748,0,9,10
34,116500,12,1,0,656,1,7,10
29,60200,13,1,0,632,1,4,10
47,47900,15,0,0,778,0,9,10
54,79500,19,1,0,850,0,8,10
40,53800,14,0,0,706,0,9,10
29,52900,13,0,0,610,0,6,10
57,183800,15,1,1,850,0,7,10
42,62900,16,0,0,826,0,7,10
39,32000,12,0,1,708,1,4,10
49,66100,14,0,0,815,0,8,10
39,34800,12,0,0,685,0,9,10
23,34300,11,0,0,548,1,5,10
35,52900,13,0,0,626,1,4,10
40,74800,13,0,0,712,0,9,10
49,37400,15,0,1,825,0,8,10
37,67100,16,0,0,724,0,9,10
36,22400,13,1,0,661,1,4,10
32,97600,14,1,0,667,0,10,10
31,171600,12,1,0,661,0,8,10
41,44100,14,1,0,769,1,3,10
44,38100,14,0,0,741,0,8,10
32,61300,13,0,0,648,1,4,10
46,29800,14,1,0,773,0,7,10
32,63800,11,0,0,645,1,6,10
49,52500,17,1,0,850,1,5,10
25,26600,12,0,0,582,0,5,10
19,20000,10,0,0,479,1,6,10
32,44700,14,0,0,649,1,7,10
54,112000,18,1,1,850,0,7,10
41,47300,16,1,1,777,0,8,10
55,63500,14,1,0,848,0,8,10
36,91900,15,0,0,747,0,8,10
38,70900,16,1,1,811,0,8,10
37,34200,12,0,1,706,0,8,10
47,153900,15,1,0,850,0,9,10
51,53100,16,1,0,837,0,9,10
61,73100,16,1,1,850,0,8,10
34,68600,14,0,0,666,0,10,10
59,100100,19,1,0,850,0,8,10
39,40200,13,0,0,705,0,6,10
41,30100,14,0,0,677,1,5,10
37,74800,11,1,0,641,1,4,10
29,58000,12,0,0,637,1,7,10
50,50500,15,0,1,850,0,9,10
37,43400,15,1,1,685,1,4,10
41,48000,15,1,0,726,0,5,10
39,51400,14,1,0,745,0,7,10
20,21800,10,0,0,489,0,8,10
50,93600,15,0,0,847,0,6,10
35,100600,14,0,0,685,0,8,10
42,132600,11,0,0,726,0,7,10
47,57300,16,1,1,849,0,7,10
37,96900,17,1,0,719,1,5,10
40,120300,13,0,0,737,0,8,10
42,26700,13,0,0,754,0,9,10
54,109800,16,1,0,850,0,9,10
44,62200,16,0,0,757,0,8,10
39,62100,17,0,0,784,0,9,10
40,103500,15,0,0,777,0,8,10
49,83600,17,0,0,850,0,10,10
46,39900,15,0,0,805,0,7,10
62,66500,17,1,1,850,0,6,10
38,64300,11,0,0,680,1,5,10
24,50500,13,0,0,567,1,7,10
29,97000,12,0,1,678,0,8,10
41,98600,12,0,0,756,0,8,10
38,78900,15,0,0,711,0,9,10
51,61700,17,1,0,850,0,6,10
29,48500,10,0,0,560,1,8,10
41,66400,13,0,0,740,0,10,10
49,45900,14,0,1,796,0,8,10
27,46100,12,0,0,597,0,7,10
49,41800,14,1,0,765,0,9,10
44,42100,16,1,0,738,0,8,10
39,85300,14,0,0,724,0,9,10
36,99300,13,0,0,694,0,9,10
38,38700,13,0,0,663,0,7,10
57,161900,19,1,0,850,0,9,10
43,44500,15,0,0,737,1,6,10
61,138800,18,1,1,850,0,9,10
37,86600,16,1,0,726,0,9,10
27,79900,13,0,0,591,0,9,10
41,78200,14,0,0,754,0,7,10
48,200000,15,0,0,850,0,7,10
39,79500,14,0,0,709,0,8,10
61,43400,20,1,0,850,1,4,10
45,64900,16,1,0,792,0,9,10
33,43900,10,0,0,599,0,8,10
44,68500,14,1,1,832,0,7,10
29,35100,11,0,1,583,0,6,10
41,36800,14,1,0,727,1,6,10
38,38600,14,0,0,741,0,5,10
35,59800,11,0,0,648,1,7,10
50,123200,17,1,1,850,0,7,10
33,41500,13,0,0,683,1,6,10
31,47000,11,0,0,632,0,8,10
30,45000,13,0,0,647,0,7,10
49,109200,17,1,0,850,0,7,10
34,104400,12,0,0,641,1,6,10
39,42800,13,0,0,702,0,9,10
53,101800,15,1,0,839,0,8,10
50,94800,16,1,0,850,0,7,10
31,36900,13,0,0,625,1,5,10
37,121500,14,0,0,669,0,9,10
33,57300,11,0,1,627,1,7,10
46,64300,14,1,0,765,0,8,10
26,66700,10,0,0,499,0,7,10
23,33000,10,0,0,555,1,3,10
36,96800,16,0,0,753,0,9,10
18,48000,10,0,0,473,1,5,10
42,54800,13,1,0,722,1,5,10
44,97400,17,1,0,850,0,7,10
37,65800,13,0,0,729,0,8,10
21,22600,12,0,0,505,1,5,10
53,80800,19,1,0,850,0,7,10
38,63900,16,0,0,716,0,8,10
33,73100,10,0,0,633,0,6,10
19,32400,12,0,0,531,1,4,10
50,144500,14,1,1,850,0,8,10
46,34400,14,1,0,754,1,5,10
35,75400,13,0,1,695,0,10,10
47,46000,16,0,0,775,0,8,10
44,119800,16,1,0,830,0,9,10
41,63200,15,0,0,712,0,9,10
43,45900,14,0,0,716,0,7,10
37,46700,14,1,0,746,0,10,10
22,29100,14,0,0,545,0,10,10
43,32000,15,1,0,794,0,9,10
29,64800,13,0,0,626,1,6,10
31,46200,12,0,0,601,0,5,10
23,35800,10,0,0,500,1,5,10
34,26400,10,0,0,629,1,6,10
35,99300,13,0,0,674,0,8,10
32,77700,15,0,0,639,0,8,10
43,143900,18,1,0,842,0,10,10
46,41700,12,0,0,715,1,4,10
45,47000,12,1,0,734,0,9,10
25,48600,13,0,0,650,0,8,10
33,20000,12,0,0,632,1,6,10
37,84800,14,1,0,760,0,7,10
34,98800,15,0,0,709,0,7,10
55,164000,17,1,0,850,0,9,10
42,49200,14,0,0,730,0,8,10
45,114500,13,0,1,778,0,8,10
60,118000,17,1,0,850,0,8,10
29,90600,11,0,0,659,0,7,10
31,119000,13,0,0,690,0,9,10
32,45800,13,0,0,616,1,7,10
48,79400,16,1,1,850,0,8,10
41,52300,15,0,0,734,0,9,10
38,50200,14,1,0,695,0,8,10
49,90900,16,0,0,850,0,8,10
39,73000,13,0,0,691,0,7,10
42,124000,13,0,0,736,0,7,10
27,45900,11,0,0,604,0,6,10
44,85100,15,0,0,787,0,9,10
48,112000,18,0,0,850,0,9,10
42,122900,15,0,0,764,0,7,10
29,25900,12,0,0,552,1,3,10
44,22000,13,0,0,737,0,10,10
34,98200,13,0,0,701,0,9,10
42,30500,14,1,0,702,0,5,10
55,113300,15,1,0,850,0,7,10
38,40000,12,1,0,652,0,9,10
39,48200,14,0,0,768,0,10,10
55,73800,17,0,0,850,0,9,10
19,59400,12,0,0,530,1,5,10
30,123700,13,0,0,648,0,8,10
25,20000,12,0,0,540,1,2,10
33,36500,14,0,0,652,1,6,10
42,104700,13,0,1,850,0,9,10
46,74100,15,0,0,790,0,9,10
38,21000,14,0,0,679,0,6,10
37,54600,13,0,1,723,0,8,10
26,60800,14,0,0,646,0,9,10
38,24500,14,0,0,742,0,5,10
40,38000,14,0,0,718,1,5,10
35,63900,13,0,0,693,0,8,10
43,136600,14,0,0,775,0,8,10
49,40500,13,0,0,764,0,9,10
40,44400,15,0,0,724,0,9,10
53,39500,15,0,0,850,0,8,10
32,84300,10,0,0,618,1,5,10
36,200000,16,0,0,804,0,6,10
31,69800,14,0,0,691,1,3,10
36,48700,15,0,1,752,0,6,10
18,42000,10,0,0,473,1,6,10
35,61200,11,0,0,682,1,2,10
30,76600,12,0,1,633,0,9,10
48,102900,15,1,0,818,0,7,10
45,91300,13,0,0,762,0,7,10
28,95600,10,1,0,582,0,8,10
53,115500,16,1,0,848,0,7,10
41,73400,13,0,0,712,0,9,10
37,44300,12,0,0,645,0,10,10
34,65000,15,1,1,727,0,7,10
41,31500,14,1,0,724,1,4,10
28,60500,10,0,0,561,1,3,10
34,69600,12,0,0,621,1,4,10
40,40500,15,0,0,707,0,7,10
35,200000,15,0,0,746,0,7,10
27,45400,12,0,0,597,1,5,10
45,76400,15,0,1,807,0,8,10
25,69700,12,0,0,569,1,5,10
35,143800,15,0,0,676,0,9,10
24,42100,11,0,0,518,1,4,10
37,35700,13,1,1,698,0,8,10
31,75700,15,0,0,643,0,6,10
41,30900,13,0,1,722,1,4,10
57,63300,15,1,0,850,0,8,10
35,48400,13,0,0,678,1,2,10
48,49600,15,0,0,789,0,10,10
43,63800,15,0,0,787,0,8,10
35,60300,12,0,0,676,0,6,10
27,45700,14,1,0,621,0,9,10
52,74600,15,1,0,798,0,7,10
37,72800,15,0,0,782,0,10,10
36,59600,13,0,0,695,1,6,10
45,72600,13,0,0,793,0,8,10
56,194900,16,1,1,850,0,8,10
38,87900,12,0,0,707,0,9,10
25,63900,12,0,0,548,1,3,10
31,149400,15,0,0,673,0,9,10
48,156300,13,0,0,780,0,5,10
53,76500,15,0,0,818,0,8,10
26,32600,14,1,0,566,0,8,10
46,60700,15,1,0,781,0,9,10
35,88500,13,0,0,707,0,7,10
29,78900,13,0,0,626,0,7,10
37,109300,12,0,0,669,0,8,10
42,42500,14,0,0,718,1,6,10
33,67500,12,0,1,664,0,9,10
37,114800,13,0,0,766,0,9,10
43,25400,13,1,0,730,0,10,10
60,93800,16,1,0,850,0,7,10
55,116900,14,1,1,850,0,10,10
33,35000,13,0,0,641,0,7,10
31,90100,13,0,0,653,0,9,10
60,121600,16,1,1,850,0,10,10
30,60100,11,0,0,571,1,5,10
34,37800,13,0,0,595,1,4,10
43,46100,15,1,0,780,0,10,10
43,55100,15,0,0,719,0,9,10
35,58400,10,1,0,620,1,4,10
18,34300,10,0,0,519,0,7,10
25,35300,11,1,0,544,1,5,10
37,60300,14,0,1,731,1,5,10
38,127700,17,0,0,781,0,8,10
42,63900,14,0,0,720,0,7,10
43,112200,15,0,0,789,0,9,10
25,20000,12,0,0,597,0,7,10
48,83500,17,1,1,850,0,8,10
35,65100,14,0,0,688,0,7,10
34,76400,12,0,0,610,0,7,10
38,57600,13,0,0,697,1,2,10
28,28700,11,0,0,592,1,6,10
27,35500,10,0,1,560,1,5,10
40,99300,15,0,0,705,0,8,10
37,58000,11,1,0,670,0,7,10
44,69900,14,0,0,802,0,7,10
54,164100,18,1,1,850,0,8,10
56,127200,17,1,0,850,0,9,10
47,111800,16,1,0,792,0,9,10
43,73800,15,0,0,753,0,9,10
41,111100,18,1,0,806,0,4,10
50,64400,16,0,0,840,0,8,10
53,73900,17,0,0,850,0,8,10
26,34500,10,0,0,557,1,4,10
35,20000,13,0,0,664,0,8,10
37,34700,12,0,0,652,1,5,10
34,34200,12,0,0,618,1,4,10
26,34000,10,0,0,569,0,9,10
53,95500,16,1,0,850,0,9,10
45,58100,13,1,0,739,0,6,10
26,26500,10,0,0,534,1,7,10
42,21800,14,1,0,701,1,4,10
42,108100,15,0,0,760,0,8,10
54,113700,17,1,1,850,0,9,10
34,49300,11,0,0,646,1,4,10
27,48100,11,0,1,633,1,3,10
39,62300,12,0,0,714,0,9,10
54,68700,17,0,0,850,0,8,10
36,111500,12,0,0,665,0,5,10
39,35800,15,1,0,701,0,9,10
36,58600,11,1,0,602,1,5,10
33,98300,12,0,0,686,0,4,10
41,41900,14,0,0,743,0,9,10
55,136200,15,1,1,850,0,9,10
42,67600,14,0,1,757,0,7,10
39,46800,15,0,0,748,0,7,10
46,68300,16,1,0,802,0,9,10
65,92600,19,1,1,850,0,7,10
49,69400,16,0,0,841,0,8,10
51,200000,17,0,0,850,0,9,10
38,51200,12,0,0,665,1,7,10
55,175600,15,1,1,850,0,8,10
40,51100,13,0,0,687,1,5,10
33,23300,11,0,0,655,1,6,10
48,33000,14,1,0,776,0,8,10
31,44700,13,0,0,625,1,6,10
42,40500,15,0,0,737,0,8,10
33,31300,14,1,0,687,0,7,10
53,110200,15,0,1,850,0,7,10
48,45900,14,1,1,796,0,9,10
44,49300,14,0,0,770,0,10,10
30,72400,11,0,0,609,1,4,10
50,103000,15,0,1,850,0,8,10
26,36200,10,0,0,539,1,6,10
28,48800,11,0,0,573,1,6,10
41,104100,11,0,1,786,0,10,10
30,47700,10,0,0,581,0,8,10
51,38700,12,0,0,769,0,9,10
22,91900,13,0,1,595,0,7,10
50,95500,14,0,0,779,0,7,10
41,66200,11,1,0,677,0,6,10
49,77600,15,1,0,847,0,9,10
18,45500,10,0,0,489,1,5,10
38,58200,12,0,0,667,1,7,10
49,29500,15,0,0,829,0,9,10
35,28100,13,0,0,657,1,7,10
42,106700,15,0,0,791,0,8,10
33,56500,13,0,0,688,0,8,10
28,70200,14,0,0,646,1,4,10
45,96800,18,1,0,844,0,10,10
25,37600,12,0,0,512,1,6,10
50,53200,18,1,0,827,1,3,10
36,68000,15,1,1,703,1,6,10
28,33900,10,0,0,570,1,4,10
45,71000,13,1,0,735,1,6,10
31,32100,13,0,0,601,1,5,10
45,66100,15,1,0,767,0,10,10
47,73000,17,1,0,806,0,9,10
45,43900,14,0,0,791,0,7,10
24,28000,10,0,0,510,1,5,10
57,170600,17,1,0,850,0,9,10
41,135000,14,0,0,778,0,9,10
30,46400,14,0,0,625,0,7,10
47,94300,15,0,0,790,0,10,10
33,39000,12,0,0,654,1,5,10
43,45700,14,0,0,751,0,9,10
25,48300,14,0,0,591,1,6,10
39,40200,14,0,0,723,0,10,10
41,109100,13,0,0,733,0,10,10
36,32700,12,0,0,645,1,6,10
42,86700,11,0,0,666,1,3,10
37,36300,12,1,0,700,1,4,10
51,130400,17,1,0,850,0,6,10
22,20000,10,0,0,528,1,6,10
42,70300,14,0,0,753,0,7,10
44,119600,16,1,0,850,0,9,10
45,91300,16,1,0,780,0,6,10
30,34300,12,1,0,602,1,5,10
28,53100,13,0,0,594,1,5,10
18,29200,10,0,0,492,0,9,10
33,52000,13,0,0,714,0,9,10
29,43800,12,0,0,605,1,6,10
46,120900,16,0,0,811,0,9,10
43,85400,15,1,0,812,0,6,10
47,129000,15,0,1,833,0,9,10
27,64700,12,0,1,641,0,9,10
48,114900,17,1,1,850,0,7,10
23,91200,14,0,1,671,1,6,10
28,134800,13,0,0,644,0,9,10
43,37300,15,0,0,772,0,8,10
20,23900,10,0,0,490,1,4,10
29,30000,11,0,0,571,1,4,10
47,38900,15,0,0,812,0,7,10
32,87300,16,1,0,699,1,5,10
39,111300,13,0,0,794,0,10,10
52,20000,13,0,0,772,0,9,10
44,38400,15,0,1,748,0,8,10
21,20000,11,0,1,550,0,9,10
41,37000,15,1,0,735,1,6,10
42,111600,17,1,1,826,0,6,10
37,121000,14,0,0,706,0,8,10
30,48400,13,0,1,654,1,5,10
63,40200,20,1,0,850,0,8,10
59,90800,16,1,0,850,0,9,10
42,73600,14,0,0,762,0,9,10
26,68100,10,0,0,564,1,6,10
41,43900,12,0,0,687,0,9,10
21,33000,10,0,0,529,1,6,10
39,33500,12,0,0,668,0,9,10
35,31500,13,0,0,638,0,9,10
51,35300,13,1,0,761,1,9,10
22,70000,12,0,0,548,1,3,10
37,31100,13,1,0,668,1,3,10
18,36700,10,0,0,472,1,2,10
52,57500,16,1,0,824,0,10,10
37,39300,13,1,1,716,0,7,10
23,48100,10,0,0,518,1,6,10
31,42500,12,0,0,618,1,3,10
39,80400,14,0,0,767,0,7,10
39,20000,11,0,0,655,1,4,10
44,59200,14,0,0,775,0,9,10
37,76900,12,1,0,660,0,7,10
23,29000,11,0,0,501,1,6,10
50,108200,18,1,0,850,0,8,10
62,200000,20,1,1,850,0,9,10
44,31100,13,1,0,702,1,5,10
45,36400,17,0,1,821,0,9,10
36,45500,12,1,0,638,1,6,10
46,76100,14,0,0,775,0,10,10
44,53100,17,0,0,788,0,8,10
65,122800,18,1,1,850,0,8,10
28,49400,11,0,0,598,0,6,10
29,48200,10,0,0,543,1,6,10
43,65800,14,0,0,765,0,5,10
45,49500,14,1,0,755,1,6,10
18,27900,10,0,0,530,1,7,10
27,27100,12,0,0,591,1,5,10
45,109300,15,1,0,785,0,10,10
37,46200,10,0,0,642,1,5,10
53,93000,16,0,0,850,0,9,10
47,99000,15,0,0,801,0,10,10
37,138700,14,0,0,722,0,9,10
65,124500,17,1,1,850,0,4,10
32,58700,11,0,0,612,0,8,10
33,25400,12,0,0,594,1,5,10
28,36700,13,0,0,567,1,1,10
48,94000,14,0,0,848,0,9,10
65,200000,18,1,0,850,0,6,10
46,86100,13,1,0,741,0,9,10
57,71200,17,1,1,850,0,9,10
26,44800,10,0,0,533,1,2,10
55,72100,19,1,0,850,0,9,10
52,136600,17,0,1,850,0,8,10
50,39200,15,0,0,817,0,7,10
40,55400,16,1,0,749,0,9,10
46,44900,14,0,0,761,0,6,10
37,48800,11,0,0,615,0,8,10
47,55700,17,1,1,850,0,9,10
40,93800,16,0,0,739,0,7,10
31,36800,11,0,0,614,1,5,10
38,38400,13,0,0,677,0,8,10
32,25100,13,0,0,633,0,9,10
59,74600,15,1,0,850,0,8,10
25,79200,11,0,0,555,0,7,10
35,44300,14,0,1,753,0,7,10
47,54400,18,1,0,850,0,9,10
39,46300,15,0,0,767,0,10,10
49,111000,15,0,1,850,0,9,10
35,92100,13,0,0,699,0,8,10
46,47800,13,1,0,751,0,8,10
46,82000,16,0,0,828,0,9,10
47,66800,16,0,0,783,1,7,10
52,194900,18,1,1,850,0,8,10
58,48400,18,1,0,850,0,7,10
40,113900,14,0,0,766,0,8,10
38,55900,13,0,0,694,0,8,10
42,52400,16,0,0,759,0,8,10
41,71000,13,0,0,742,0,7,10
30,85200,13,0,0,686,0,9,10
29,49600,11,0,0,590,0,9,10
26,39800,10,1,0,551,1,4,10
28,39600,12,0,0,601,1,7,10
27,30100,13,1,0,563,0,7,10
50,61300,14,0,1,821,0,7,10
46,102000,14,0,0,811,0,8,10
46,105200,16,0,0,838,0,9,10
29,146300,13,0,0,732,0,7,10
49,53500,16,1,0,831,0,6,10
37,62200,15,0,0,737,0,8,10
52,85700,17,1,0,850,0,9,10
36,31800,14,1,0,704,0,8,10
35,68800,13,0,0,688,1,3,10
35,43100,14,1,1,703,0,7,10
28,65500,11,0,0,607,0,10,10
51,143900,18,1,1,850,0,6,10
32,42700,12,0,0,638,0,7,10
35,62500,15,0,0,702,0,6,10
52,130800,20,1,0,850,0,9,10
21,52500,10,0,0,478,1,6,10
39,33300,12,0,0,660,0,9,10
35,28000,14,0,0,701,0,10,10
52,60300,14,0,0,817,0,9,10
37,78500,13,0,0,675,0,9,10
61,93500,17,1,1,850,0,7,10
35,68600,10,0,0,637,1,5,10
26,73500,10,0,0,563,1,4,10
54,146500,17,0,1,850,0,9,10
18,37600,10,0,0,462,1,6,10
43,88300,15,1,0,753,0,8,10
30,32800,12,0,0,663,1,4,10
53,90000,14,1,1,833,0,8,10
45,74600,17,0,0,781,0,8,10
29,31500,11,0,0,581,1,4,10
45,95800,14,1,1,770,1,3,10
37,151100,14,0,0,788,0,10,10
40,56600,10,0,1,728,0,8,10
38,50800,16,0,0,671,0,8,10
46,105600,16,0,0,823,0,6,10
51,135400,17,0,0,850,0,7,10
46,60500,17,1,0,842,0,7,10
49,80100,17,1,0,839,0,8,10
57,130400,19,1,0,850,0,6,10
29,39800,11,1,0,577,1,6,10
38,52300,15,0,1,786,0,8,10
59,106700,19,1,1,850,0,7,10
50,101500,17,1,0,850,0,10,10
52,116000,16,0,1,850,0,9,10
24,34700,12,0,0,574,1,5,10
39,53700,15,0,0,749,0,9,10
21,35000,10,0,0,500,1,6,10
42,64600,16,1,1,787,0,9,10
44,48000,15,1,1,796,0,8,10
30,85000,13,1,0,623,0,7,10
42,28200,16,0,0,811,0,8,10
55,44200,14,1,0,836,0,9,10
37,96100,12,0,0,703,0,8,10
37,72800,14,0,0,718,0,8,10
33,32300,11,0,0,578,1,3,10
31,34500,12,0,0,652,0,9,10
27,20000,10,0,0,513,1,5,10
54,72600,17,1,0,850,0,9,10
40,25000,15,0,0,745,1,4,10
38,94000,14,0,0,726,0,9,10
27,40700,15,0,0,597,1,4,10
34,38500,11,0,0,667,1,5,10
51,84800,15,0,0,850,0,9,10
56,140500,18,1,1,850,0,7,10
48,93700,17,1,1,850,0,10,10
49,91500,14,0,0,821,0,5,10
47,54800,14,1,0,773,1,5,10
35,40800,13,0,0,685,0,9,10
40,41100,11,1,0,679,0,8,10
25,57300,10,0,0,573,1,5,10
42,110200,14,0,0,815,0,7,10
46,122000,17,1,1,850,0,7,10
39,100900,15,0,0,760,1,4,10
25,20000,10,0,0,528,1,4,10
45,73500,16,1,0,826,0,9,10
43,125200,15,1,0,809,0,7,10
29,60700,14,0,0,611,1,6,10
46,71300,16,0,0,811,0,8,10
33,99400,12,0,1,677,0,8,10
30,91900,12,0,0,645,0,6,10
38,55500,17,1,0,759,0,8,10
48,79900,19,1,0,850,0,8,10
40,41400,14,0,1,766,0,9,10
38,66300,14,0,0,726,0,9,10
45,49200,16,0,0,843,0,8,10
49,93900,14,1,1,829,0,9,10
36,82100,14,0,1,733,0,6,10
26,45600,10,0,0,592,1,6,10
33,108000,14,0,0,720,0,8,10
52,32800,16,1,0,839,0,9,10
37,65900,14,0,0,634,0,7,10
38,51100,14,0,0,743,1,7,10
21,58700,11,0,0,496,1,2,10
46,79000,14,0,0,753,0,6,10
44,72500,14,0,0,798,0,7,10
56,58600,16,1,1,850,0,9,10
51,44700,16,0,0,820,0,7,10
36,47300,15,0,0,693,0,8,10
54,200000,17,1,1,850,0,6,10
54,135400,18,1,0,850,0,7,10
40,37600,14,1,0,713,1,7,10
34,113000,15,0,0,714,0,7,10
31,94500,13,0,0,643,0,7,10
33,28600,14,0,0,665,1,5,10
43,61200,12,0,0,689,0,7,10
47,115000,16,0,0,840,0,8,10
38,44300,11,0,0,616,1,5,10
48,123900,16,1,0,850,0,9,10
43,78800,15,0,0,778,0,8,10
33,48500,12,1,0,651,0,7,10
41,75200,14,0,0,771,0,7,10
45,39400,14,0,0,753,0,8,10
41,45600,14,0,0,736,0,7,10
36,84200,13,0,0,656,1,3,10
49,58100,13,1,0,768,0,7,10
33,62400,13,0,0,674,0,9,10
44,25900,14,0,0,739,0,7,10
54,83200,14,1,0,850,0,6,10
35,33500,14,0,0,650,1,8,10
59,42100,16,0,0,850,0,8,10
37,43000,13,0,0,644,1,5,10
31,27600,13,0,0,574,1,6,10
36,20400,12,1,0,658,1,5,10
58,167600,16,1,0,850,0,10,10
55,138600,18,1,0,850,0,5,10
19,61300,10,0,0,500,1,6,10
43,41500,14,1,0,744,0,10,10
48,51700,13,1,0,793,0,7,10
39,42400,15,0,0,721,0,6,10
42,20000,13,1,1,755,1,4,10
33,76800,14,0,0,669,1,6,10
33,41500,12,0,0,624,1,6,10
46,65000,14,1,1,811,0,8,10
23,33400,11,0,0,552,1,3,10
44,56500,15,1,0,806,0,9,10
49,61400,17,1,1,850,0,10,10
42,59300,12,0,0,656,0,9,10
48,100400,19,1,0,850,0,7,10
42,85300,12,1,1,715,0,9,10
43,80000,16,0,1,846,0,8,10
60,110100,20,1,0,850,0,6,10
33,33500,12,1,0,649,1,9,10
29,32000,11,0,0,552,1,4,10
40,129300,16,1,0,769,0,9,10
27,31500,13,0,0,639,1,3,10
40,110100,13,0,0,720,0,8,10
64,200000,19,1,1,850,0,5,10
31,68000,13,0,0,661,0,8,10
42,40300,12,1,0,719,0,10,10
34,126600,11,0,0,672,0,8,10
51,200000,16,1,0,850,0,7,10
45,56100,15,0,0,810,0,8,10
48,106500,16,0,0,850,0,10,10
55,183200,19,1,1,850,0,7,10
42,38900,16,0,0,680,1,2,10
30,38000,14,0,0,588,0,8,10
24,54400,15,0,0,594,1,6,10
48,74700,15,1,0,834,0,9,10
57,91800,20,1,0,850,0,5,10
21,20000,11,0,0,520,1,6,10
29,47700,12,0,0,587,0,6,10
49,33500,15,0,0,836,0,9,10
25,22800,11,0,0,536,1,3,10
33,41400,12,0,0,644,0,7,10
31,24700,12,0,0,600,1,5,10
47,51800,15,0,1,846,0,6,10
28,107700,10,0,0,621,0,8,10
44,37800,14,1,0,746,0,7,10
43,73800,18,1,1,792,0,7,10
44,118600,16,0,0,798,0,8,10
39,49800,13,1,1,803,1,2,10
22,32500,10,0,0,527,1,5,10
38,61200,15,0,0,726,0,7,10
33,71300,13,0,0,651,0,9,10
41,148900,13,0,0,724,0,10,10
44,60500,12,1,0,732,1,4,10
47,78300,13,1,1,821,0,7,10
37,61900,13,0,0,695,0,7,10
50,40500,16,0,0,849,1,4,10
46,95800,15,0,1,848,0,8,10
58,104700,16,0,0,850,0,9,10
65,154800,19,1,1,850,0,9,10
45,52900,14,0,0,766,0,8,10
39,45500,14,0,0,688,1,6,10
30,48400,14,0,0,601,0,8,10
60,74300,18,1,0,850,0,9,10
48,35200,17,0,0,803,0,8,10
26,43400,13,0,0,603,0,8,10
43,200000,15,0,1,809,0,10,10
33,51300,16,1,0,684,0,9,10
28,28100,10,0,0,523,1,6,10
37,104300,16,1,0,785,0,10,10
38,48000,14,0,0,724,0,9,10
49,96200,15,0,0,850,0,8,10
35,65600,17,0,0,701,1,6,10
51,122500,13,1,0,814,0,5,10
26,101400,13,0,0,601,1,6,10
44,46800,14,0,0,768,0,9,10
41,60600,16,1,0,760,0,7,10
32,58400,14,1,0,651,0,9,10
34,54900,14,0,0,664,1,2,10
33,58000,16,0,0,704,0,9,10
43,103400,13,0,0,700,0,8,10
47,37500,16,1,0,824,0,7,10
37,100100,13,0,1,691,0,8,10
41,46700,14,0,1,697,0,6,10
51,66800,18,0,0,850,0,8,10
42,71000,10,0,0,660,0,8,10
43,30800,11,0,0,707,1,2,10
49,111600,15,0,1,850,0,9,10
43,70100,15,0,0,761,0,7,10
26,49300,13,0,0,567,1,6,10
31,27200,12,0,0,610,1,5,10
64,169900,20,1,1,850,0,9,10
40,55100,13,0,0,689,0,6,10
30,36600,13,0,0,592,0,9,10
18,55800,11,0,0,504,1,5,10
48,118500,16,1,1,850,0,7,10
37,65000,15,0,0,702,0,8,10
44,44700,13,1,0,720,1,4,10
43,35200,14,1,1,730,0,10,10
53,66500,18,1,0,846,0,6,10
51,92100,15,1,0,772,0,8,10
48,97500,14,1,1,850,0,9,10
49,126500,16,1,1,844,0,6,10
38,73000,15,1,0,722,0,7,10
40,26200,15,0,0,677,0,7,10
37,41300,15,0,0,691,0,9,10
25,40000,10,0,0,560,1,5,10
43,46800,13,1,0,721,0,8,10
65,183600,18,1,1,850,0,5,10
50,154800,20,0,0,850,0,8,10
38,44000,14,1,0,740,0,6,10
26,20000,10,0,0,510,1,4,10
33,122400,12,0,0,687,0,9,10
33,29200,12,0,1,635,1,7,10
45,118100,16,0,1,850,0,9,10
49,63900,17,1,0,850,0,7,10
46,137700,18,0,0,838,0,8,10
22,28300,10,0,0,485,1,5,10
41,108300,14,0,0,775,0,8,10
30,42900,14,0,0,669,1,4,10
46,49400,16,1,1,850,0,6,10
32,35000,13,0,0,605,1,4,10
28,75000,15,0,0,683,0,6,10
48,84400,15,1,1,826,0,9,10
40,45900,14,0,0,737,0,7,10
49,37500,17,1,0,838,0,6,10
62,136900,20,1,1,850,0,9,10
37,93300,13,0,0,733,0,8,10
30,105000,14,0,0,647,0,7,10
25,34700,11,1,0,544,0,8,10
44,155700,16,0,0,832,0,7,10
43,116700,15,1,1,824,0,7,10
49,141800,18,0,1,850,0,8,10
56,106500,20,1,0,850,0,5,10
34,45000,12,0,0,652,0,9,10
33,51200,13,1,0,633,1,5,10
48,130700,15,0,0,819,0,8,10
20,29400,12,0,0,531,1,6,10
48,81200,15,1,0,804,0,8,10
48,82800,16,1,0,837,0,9,10
29,63300,16,0,0,665,1,4,10
34,49200,14,0,0,692,0,9,10
21,69600,12,0,0,557,0,9,10
47,51600,14,1,0,718,0,7,10
25,39100,12,0,0,552,0,8,10
38,43800,15,0,0,723,1,6,10
43,62800,11,0,0,693,0,7,10
34,59200,15,0,0,737,0,9,10
42,100800,16,0,0,827,0,10,10
53,80000,17,1,0,850,0,6,10
44,96200,15,1,0,809,0,7,10
29,37900,13,0,0,608,0,9,10
41,68900,16,1,0,752,0,9,10
23,83100,12,0,0,617,0,9,10
45,61800,15,0,0,742,0,9,10
29,91800,14,0,0,669,0,7,10
39,34400,13,0,0,697,1,4,10
46,68500,18,1,1,850,0,7,10
44,105700,14,0,0,808,0,8,10
44,37700,11,1,0,647,1,7,10
39,40100,14,0,0,738,0,9,10
31,86400,12,0,0,651,0,9,10
37,28900,14,0,0,709,1,4,10
34,62700,13,0,0,675,0,10,10
31,66900,12,0,0,614,0,9,10
36,109100,14,0,0,699,0,8,10
24,63300,10,0,0,538,1,7,10
40,149100,13,0,0,725,0,7,10
40,91900,16,1,0,751,0,8,10
28,57400,11,0,0,597,1,4,10
52,61700,18,1,0,850,0,5,10
44,57900,13,0,0,704,1,4,10
40,83900,14,0,0,764,0,7,10
22,56700,11,0,0,499,1,4,10
24,38600,10,0,0,542,1,5,10
49,85900,17,1,0,850,0,9,10
44,52100,14,1,0,773,1,5,10
57,79800,15,1,1,850,0,6,10
28,26100,11,0,0,566,1,6,10
49,37500,16,1,0,787,0,7,10
38,87900,14,1,0,758,0,8,10
28,55100,13,1,0,597,1,4,10
34,20000,12,0,0,660,0,10,10
37,57100,13,0,0,680,0,8,10
27,34700,13,0,0,590,0,8,10
43,146000,14,0,1,809,0,9,10
41,151400,13,0,0,745,0,8,10
38,43800,14,0,1,721,1,2,10
43,42400,13,1,0,704,0,7,10
40,80200,11,0,0,656,0,9,10
41,23400,16,0,0,766,0,5,10
38,87000,14,0,0,727,0,8,10
40,60300,16,0,0,753,0,5,10
36,92400,16,0,1,744,0,8,10
56,108400,20,1,0,850,0,9,10
40,114200,15,0,0,781,0,6,10
48,200000,14,1,0,850,0,8,10
37,86500,15,0,0,732,0,8,10
45,90000,15,1,0,791,0,5,10
39,59700,13,0,0,677,1,5,10
33,43500,15,0,0,686,1,3,10
41,64700,12,1,0,669,1,4,10
24,27200,10,1,0,514,1,5,10
48,75600,14,1,0,811,0,9,10
46,84900,15,0,1,842,0,9,10
46,44100,15,0,0,770,0,9,10
49,67700,18,1,0,850,0,10,10
32,66700,12,0,0,632,0,9,10
32,57300,14,0,0,662,1,4,10
36,61800,12,1,0,687,0,8,10
40,54100,12,0,0,723,0,8,10
34,83800,13,0,0,673,0,7,10
27,58800,14,0,0,655,0,6,10
37,37200,16,0,0,698,0,8,10
31,44500,12,0,0,602,0,9,10
47,59000,13,1,0,798,0,7,10
24,73300,11,0,0,553,0,9,10
40,70500,12,0,0,705,1,6,10
42,78800,12,0,0,671,0,10,10
50,51800,18,1,0,850,0,8,10
41,46800,15,0,0,729,0,10,10
48,151300,17,0,1,850,0,9,10
57,78600,16,1,1,850,0,9,10
38,57600,13,0,0,720,0,10,10
33,63200,14,0,0,676,0,10,10
52,114000,19,1,1,850,0,6,10
39,42400,14,1,0,719,0,9,10
34,48200,12,1,0,643,0,8,10
57,57500,16,1,0,845,0,7,10
28,77700,14,0,0,647,1,6,10
44,27600,15,1,0,778,0,10,10
33,25000,11,0,0,633,1,6,10
35,35400,11,0,0,606,1,2,10
27,42500,13,0,0,614,1,6,10
39,105100,12,0,0,700,0,8,10
30,44000,13,0,0,598,1,3,10
34,48800,11,0,0,641,0,8,10
45,45600,14,1,1,800,0,6,10
41,42500,17,1,1,802,0,5,10
21,52100,11,0,0,556,1,3,10
43,200000,16,1,1,850,0,8,10
24,33800,10,0,0,510,1,4,10
48,104100,15,1,1,850,0,8,10
49,117600,18,0,0,850,0,10,10
58,129300,16,1,0,850,0,7,10
45,31400,16,0,0,806,0,8,10
28,50000,11,0,0,579,1,5,10
27,29200,13,0,0,595,0,4,10
41,107400,15,0,1,769,0,9,10
35,47200,13,0,0,694,1,6,10
36,82600,17,0,0,758,0,10,10
27,60900,12,0,0,599,1,4,10
41,86800,13,0,0,786,0,9,10
55,167700,16,1,0,850,0,9,10
39,29000,14,0,0,704,0,8,10
39,130900,13,0,0,760,0,9,10
42,78900,15,0,1,764,0,10,10
38,51000,17,1,0,729,0,7,10
54,99400,16,1,0,850,0,9,10
21,27200,10,0,0,532,1,6,10
42,75000,15,1,0,785,0,9,10
43,28800,12,1,0,663,1,5,10
36,62600,14,1,0,711,0,6,10
43,36700,16,1,0,738,0,8,10
44,81800,13,0,0,726,0,6,10
45,75100,16,1,0,772,0,8,10
51,124600,17,1,1,850,0,8,10
21,31800,12,0,0,518,1,7,10
21,41200,10,0,1,547,1,3,10
37,37300,10,1,0,614,1,4,10
50,162300,17,1,0,850,0,10,10
44,139000,15,0,0,794,0,9,10
36,39300,12,0,0,652,0,9,10
59,43100,17,1,1,850,0,7,10
49,99200,15,0,0,795,0,9,10
63,102500,18,1,1,850,0,8,10
40,32300,11,0,0,669,0,6,10
32,61100,13,0,0,660,1,5,10
30,44600,12,0,0,609,1,5,10
38,42400,11,0,0,686,0,8,10
38,121400,14,0,0,712,0,9,10
46,87100,14,1,1,800,0,7,10
35,112600,13,1,0,697,0,9,10
27,58900,12,0,0,557,1,7,10
26,81200,11,0,0,567,1,3,10
51,51500,17,0,1,831,0,10,10
56,113500,20,1,1,850,0,10,10
25,27600,11,0,0,570,0,9,10
35,60700,12,0,0,644,0,9,10
40,48500,15,0,0,770,0,7,10
37,74500,13,0,0,658,0,8,10
18,52800,10,0,0,487,1,6,10
37,49900,13,0,0,733,0,6,10
49,140500,16,1,1,850,0,7,10
33,35500,11,0,0,582,1,5,10
47,111000,15,1,0,787,0,9,10
43,62700,16,1,0,793,0,9,10
49,43800,16,1,0,838,0,9,10
33,20000,12,0,0,574,1,4,10
55,95500,17,0,0,850,0,10,10
42,83300,14,0,0,798,0,7,10
46,65700,16,1,0,790,0,7,10
57,178000,17,1,1,850,0,9,10
35,27700,13,0,0,633,1,4,10
35,48300,14,0,0,684,0,9,10
34,65900,11,1,0,647,1,7,10
32,55000,12,1,0,635,0,6,10
48,122900,17,1,0,849,0,8,10
49,88700,15,0,0,809,0,6,10
39,67700,14,0,0,763,1,5,10
54,89800,15,1,1,850,0,6,10
31,62100,12,0,0,610,1,3,10
27,71900,10,0,0,555,1,4,10
34,123900,12,0,0,707,0,7,10
32,45300,11,0,0,617,0,7,10
47,91300,14,0,0,746,0,9,10
36,73500,14,1,0,717,0,9,10
53,38300,16,0,0,850,0,8,10
41,71300,13,1,0,714,0,9,10
37,65700,15,0,0,754,0,7,10
35,110300,13,0,0,719,0,10,10
36,54800,11,0,0,646,0,8,10
36,49100,12,1,0,691,0,7,10
58,57500,15,1,1,850,0,8,10
41,150300,16,0,0,808,0,7,10
40,25900,11,1,0,624,1,3,10
46,54800,16,0,0,795,0,8,10
23,30900,11,0,0,541,1,4,10
52,66300,15,0,1,836,0,8,10
56,95400,17,0,0,850,0,7,10
47,77900,15,0,0,819,1,3,10
44,53300,16,1,0,759,0,6,10
30,43800,11,0,0,592,1,5,10
31,42600,16,0,0,665,0,8,10
37,78600,14,0,0,766,0,8,10
44,39300,17,1,1,818,0,8,10
65,103100,16,1,0,850,0,8,10
25,66900,10,0,0,566,1,3,10
44,59500,16,0,0,786,0,7,10
30,33900,11,1,0,530,1,6,10
39,36800,14,1,0,692,0,7,10
55,94400,16,1,1,850,0,8,10
47,71700,15,1,0,840,0,10,10
32,54300,13,1,0,627,1,5,10
51,114400,16,1,0,846,0,8,10
40,36300,10,0,0,675,1,9,10
41,28100,15,0,1,795,0,10,10
43,83600,13,1,1,769,0,7,10
33,152900,12,1,0,680,0,8,10
42,75200,14,0,0,808,0,7,10
31,37900,13,0,0,644,1,5,10
45,61700,15,1,0,811,0,7,10
48,147300,15,1,1,850,0,7,10
42,37700,14,0,0,690,0,8,10
18,37700,10,0,0,514,1,5,10
47,54500,16,0,1,840,0,9,10
22,20000,10,0,0,493,1,2,10
59,101500,15,1,1,850,0,7,10
40,57700,15,1,0,728,0,9,10
49,53600,16,0,0,831,0,10,10
28,73400,13,0,0,612,0,7,10
31,41100,12,0,0,642,1,7,10
49,186600,16,0,0,850,0,9,10
